{
"lengthUnit": "mil",
"components": {
	"fields": ["COMPONENT_NO", "COMPONENT_NAME", "LAYER", "X_COORDINATE", "Y_COORDINATE", "ANGLE"],
	"rows": [
		[1, "C2", "T", 350, 1605, 0],
		[2, "C4", "T", -80, 1345, 180],
		[3, "C5", "T", -185, 1775, 270],
		[4, "C7", "T", -514, 1400, 90],
		[5, "C8", "T", -295, 1310, 90],
		[6, "C9", "T", -405, 1345, 90],
		[7, "C10", "T", -330, 1750, 0],
		[8, "C11", "T", -335, 1300, 90],
		[9, "C12", "T", 280, 1660, 0],
		[10, "C13", "T", 435, 1580, 270],
		[11, "C14", "T", 440, 1445, 90],
		[12, "C15", "T", -561, 1402, 270],
		[13, "C16", "T", -100, 1395, 180],
		[14, "C17", "T", 105, 1605, 90],
		[15, "C22", "T", 455, 1350, 90],
		[16, "C23", "T", 110, 1675, 0],
		[17, "C26", "T", 385, 1660, 180],
		[18, "C33", "T", -75, 1610, 270],
		[19, "C35", "T", -570, 1660, 90],
		[20, "C36", "T", 35, 1340, 90],
		[21, "C37", "T", 340, 1235, 90],
		[22, "C38", "T", 210, 1590, 0],
		[23, "C39", "T", -330, 1795, 0],
		[24, "L1", "T", 155, 1480, 270],
		[25, "Q2", "T", 20, 1480, 180],
		[26, "R6", "T", -430, 1280, 180],
		[27, "R7", "T", -365, 1340, 270],
		[28, "R8", "T", -455, 1365, 90],
		[29, "R10", "T", -495, 1635, 0],
		[30, "R16", "T", -125, 1280, 270],
		[31, "R17", "T", -45, 1300, 0],
		[32, "R18", "T", -480, 1540, 270],
		[33, "R20", "T", -15, 1630, 0],
		[34, "R21", "T", -10, 1585, 0],
		[35, "R22", "T", -250, 1785, 90],
		[36, "R26", "T", 385, 1360, 0],
		[37, "R27", "T", 385, 1310, 180],
		[38, "R28", "T", -455, 1695, 270],
		[39, "U1", "T", -287.81, 1546.08, 180],
		[40, "U2", "T", -185, 1280, 180],
		[41, "U3", "T", -560, 1285, 90],
		[42, "U5", "T", 715, 1465, 90],
		[43, "U10", "T", -535, 1740, 90],
		[44, "U11", "T", -525, 1525, 90],
		[45, "U15", "T", 105, 1330, 0],
		[46, "U16", "T", 200, 1330, 0],
		[47, "U17", "T", 290, 1330, 0],
		[48, "U18", "T", 305, 1475, 180],
		[49, "U19", "T", 1180, 1335, 0],
		[50, "X2", "T", -70, 1740, 0],
		[51, "PAD1", "T", -494.63, 1225, 0],
		[52, "PAD1", "B", -494.63, 1225, 0],
		[53, "PAD2", "T", -645, 1595, 0],
		[54, "PAD2", "B", -645, 1595, 0],
		[55, "PAD3", "T", 85, 1230, 0],
		[56, "PAD3", "B", 85, 1230, 0],
		[57, "PAD4", "T", 185, 1230, 0],
		[58, "PAD4", "B", 185, 1230, 0],
		[59, "PAD5", "T", 275, 1230, 0],
		[60, "PAD5", "B", 275, 1230, 0],
		[61, "PAD6", "T", 0, 1230, 0],
		[62, "PAD6", "B", 0, 1230, 0],
		[63, "PAD7", "T", -645, 1502.13, 0],
		[64, "PAD7", "B", -645, 1502.13, 0],
		[65, "PAD8", "T", -645, 1409.25, 0],
		[66, "PAD8", "B", -645, 1409.25, 0],
		[67, "PAD9", "T", -85, 1535, 0],
		[68, "PAD9", "B", -85, 1535, 0],
		[69, "PAD10", "T", -80, 1480, 0],
		[70, "PAD10", "B", -80, 1480, 0],
		[71, "PAD11", "T", 435, 1230, 0],
		[72, "PAD11", "B", 435, 1230, 0],
		[73, "PAD12", "T", -645, 1316.38, 0],
		[74, "PAD12", "B", -645, 1316.38, 0],
		[75, "PAD13", "T", -294.63, 1225, 0],
		[76, "PAD13", "B", -294.63, 1225, 0],
		[77, "PAD14", "T", -394.63, 1225, 0],
		[78, "PAD14", "B", -394.63, 1225, 0],
		[79, "PAD15", "T", -80, 1230, 0],
		[80, "PAD15", "B", -80, 1230, 0]
	]
},
"pins": {
	"fields": ["PIN_NO", "PIN_NAME", "PIN_X", "PIN_Y", "LAYER", "PIN_TYPE", "NET_NAME", "NET_TYPE", "PAD_SHAPE", "PAD_SIZEX", "PAD_SIZEY", "HOLE_SIZE", "PAD_ANGLE"],
	"rows": [
		[1, "C2_1", 322.44, 1605, "T", "SMD", "GND", "GND", "R", 31.5, 35.43, 0, 0],
		[2, "C2_2", 377.56, 1605, "T", "SMD", "3V3", "", "R", 31.5, 35.43, 0, 0],
		[3, "C4_1", -58.54, 1345, "T", "SMD", "GND", "GND", "R", 31.11, 21.26, 0, 180],
		[4, "C4_2", -101.46, 1345, "T", "SMD", "3V3", "", "R", 31.11, 21.26, 0, 180],
		[5, "C5_1", -185, 1796.46, "T", "SMD", "GND", "GND", "R", 31.11, 21.26, 0, 270],
		[6, "C5_2", -185, 1753.54, "T", "SMD", "XIN", "", "R", 31.11, 21.26, 0, 270],
		[7, "C7_1", -514, 1378.54, "T", "SMD", "GND", "GND", "R", 31.11, 21.26, 0, 90],
		[8, "C7_2", -514, 1421.46, "T", "SMD", "3V3", "", "R", 31.11, 21.26, 0, 90],
		[9, "C8_1", -295, 1288.54, "T", "SMD", "GND", "GND", "R", 31.11, 21.26, 0, 90],
		[10, "C8_2", -295, 1331.46, "T", "SMD", "1V1", "", "R", 31.11, 21.26, 0, 90],
		[11, "C9_1", -405, 1323.54, "T", "SMD", "GND", "GND", "R", 31.11, 21.26, 0, 90],
		[12, "C9_2", -405, 1366.46, "T", "SMD", "ADC_AVDD", "", "R", 31.11, 21.26, 0, 90],
		[13, "C10_1", -351.46, 1750, "T", "SMD", "GND", "GND", "R", 31.11, 21.26, 0, 0],
		[14, "C10_2", -308.54, 1750, "T", "SMD", "1V1", "", "R", 31.11, 21.26, 0, 0],
		[15, "C11_1", -335, 1278.54, "T", "SMD", "GND", "GND", "R", 31.11, 21.26, 0, 90],
		[16, "C11_2", -335, 1321.46, "T", "SMD", "1V1", "", "R", 31.11, 21.26, 0, 90],
		[17, "C12_1", 258.54, 1660, "T", "SMD", "GND", "GND", "R", 31.11, 21.26, 0, 0],
		[18, "C12_2", 301.46, 1660, "T", "SMD", "3V3", "", "R", 31.11, 21.26, 0, 0],
		[19, "C13_1", 435, 1601.46, "T", "SMD", "GND", "GND", "R", 31.11, 21.26, 0, 270],
		[20, "C13_2", 435, 1558.54, "T", "SMD", "3V3", "", "R", 31.11, 21.26, 0, 270],
		[21, "C14_1", 440, 1423.54, "T", "SMD", "GND", "GND", "R", 31.11, 21.26, 0, 90],
		[22, "C14_2", 440, 1466.46, "T", "SMD", "3V3", "", "R", 31.11, 21.26, 0, 90],
		[23, "C15_1", -561, 1423.46, "T", "SMD", "GND", "GND", "R", 31.11, 21.26, 0, 270],
		[24, "C15_2", -561, 1380.54, "T", "SMD", "3V3", "", "R", 31.11, 21.26, 0, 270],
		[25, "C16_1", -78.54, 1395, "T", "SMD", "GND", "GND", "R", 31.11, 21.26, 0, 180],
		[26, "C16_2", -121.46, 1395, "T", "SMD", "3V3", "", "R", 31.11, 21.26, 0, 180],
		[27, "C17_1", 105, 1583.54, "T", "SMD", "GND", "GND", "R", 31.11, 21.26, 0, 90],
		[28, "C17_2", 105, 1626.46, "T", "SMD", "3V3", "", "R", 31.11, 21.26, 0, 90],
		[29, "C22_1", 455, 1328.54, "T", "SMD", "GND", "GND", "R", 31.11, 21.26, 0, 90],
		[30, "C22_2", 455, 1371.46, "T", "SMD", "GPS_3V3", "", "R", 31.11, 21.26, 0, 90],
		[31, "C23_1", 88.54, 1675, "T", "SMD", "GND", "GND", "R", 31.11, 21.26, 0, 0],
		[32, "C23_2", 131.46, 1675, "T", "SMD", "3V3", "", "R", 31.11, 21.26, 0, 0],
		[33, "C26_1", 406.46, 1660, "T", "SMD", "GND", "GND", "R", 31.11, 21.26, 0, 180],
		[34, "C26_2", 363.54, 1660, "T", "SMD", "3V3", "", "R", 31.11, 21.26, 0, 180],
		[35, "C33_1", -75, 1631.46, "T", "SMD", "GND", "GND", "R", 31.11, 21.26, 0, 270],
		[36, "C33_2", -75, 1588.54, "T", "SMD", "BATT_V", "", "R", 31.11, 21.26, 0, 270],
		[37, "C35_1", -570, 1638.54, "T", "SMD", "GND", "GND", "R", 31.11, 21.26, 0, 90],
		[38, "C35_2", -570, 1681.46, "T", "SMD", "$1N115739", "", "R", 31.11, 21.26, 0, 90],
		[39, "C36_1", 35, 1318.54, "T", "SMD", "GND", "GND", "R", 31.11, 21.26, 0, 90],
		[40, "C36_2", 35, 1361.46, "T", "SMD", "VBUS", "", "R", 31.11, 21.26, 0, 90],
		[41, "C37_1", 340, 1213.54, "T", "SMD", "GND", "GND", "R", 31.11, 21.26, 0, 90],
		[42, "C37_2", 340, 1256.46, "T", "SMD", "VBUS", "", "R", 31.11, 21.26, 0, 90],
		[43, "C38_1", 182.44, 1590, "T", "SMD", "GND", "GND", "R", 31.5, 35.43, 0, 0],
		[44, "C38_2", 237.56, 1590, "T", "SMD", "VBUS", "", "R", 31.5, 35.43, 0, 0],
		[45, "C39_1", -351.46, 1795, "T", "SMD", "GND", "GND", "R", 31.11, 21.26, 0, 0],
		[46, "C39_2", -308.54, 1795, "T", "SMD", "$1N70752", "", "R", 31.11, 21.26, 0, 0],
		[47, "L1_1", 155, 1523.31, "T", "SMD", "$1N152319", "", "R", 70.87, 31.5, 0, 0],
		[48, "L1_2", 155, 1436.69, "T", "SMD", "VBUS", "", "R", 70.87, 31.5, 0, 0],
		[49, "Q2_1", -25.28, 1517.4, "T", "SMD", "GPS_VCC_ON_N", "", "R", 39.37, 31.5, 0, 0],
		[50, "Q2_2", -25.28, 1442.6, "T", "SMD", "3V3", "", "R", 39.37, 31.5, 0, 0],
		[51, "Q2_3", 65.28, 1480, "T", "SMD", "GPS_3V3", "", "R", 39.37, 31.5, 0, 0],
		[52, "R6_1", -412.96, 1280, "T", "SMD", "$1N22362", "", "R", 22.27, 21.26, 0, 180],
		[53, "R6_2", -447.04, 1280, "T", "SMD", "USB_DP", "", "R", 22.27, 21.26, 0, 180],
		[54, "R7_1", -365, 1357.04, "T", "SMD", "$1N22007", "", "R", 22.27, 21.26, 0, 270],
		[55, "R7_2", -365, 1322.96, "T", "SMD", "USB_DM", "", "R", 22.27, 21.26, 0, 270],
		[56, "R8_1", -455, 1347.96, "T", "SMD", "ADC_AVDD", "", "R", 22.27, 21.26, 0, 90],
		[57, "R8_2", -455, 1382.04, "T", "SMD", "3V3", "", "R", 22.27, 21.26, 0, 90],
		[58, "R10_1", -512.04, 1635, "T", "SMD", "$1N115739", "", "R", 22.27, 21.26, 0, 0],
		[59, "R10_2", -477.96, 1635, "T", "SMD", "3V3", "", "R", 22.27, 21.26, 0, 0],
		[60, "R16_1", -125, 1297.04, "T", "SMD", "QSPI_SS", "", "R", 22.27, 21.26, 0, 270],
		[61, "R16_2", -125, 1262.96, "T", "SMD", "3V3", "", "R", 22.27, 21.26, 0, 270],
		[62, "R17_1", -62.04, 1300, "T", "SMD", "QSPI_SS", "", "R", 22.27, 21.26, 0, 0],
		[63, "R17_2", -27.96, 1300, "T", "SMD", "BOOTSEL", "", "R", 22.27, 21.26, 0, 0],
		[64, "R18_1", -480, 1557.04, "T", "SMD", "$1N146095", "", "R", 22.27, 21.26, 0, 270],
		[65, "R18_2", -480, 1522.96, "T", "SMD", "LED", "", "R", 22.27, 21.26, 0, 270],
		[66, "R20_1", -32.04, 1630, "T", "SMD", "BATT_V", "", "R", 22.27, 21.26, 0, 0],
		[67, "R20_2", 2.04, 1630, "T", "SMD", "GND", "GND", "R", 22.27, 21.26, 0, 0],
		[68, "R21_1", -27.04, 1585, "T", "SMD", "BATT_V", "", "R", 22.27, 21.26, 0, 0],
		[69, "R21_2", 7.04, 1585, "T", "SMD", "VBUS", "", "R", 22.27, 21.26, 0, 0],
		[70, "R22_1", -250, 1767.96, "T", "SMD", "XOUT", "", "R", 22.27, 21.26, 0, 90],
		[71, "R22_2", -250, 1802.04, "T", "SMD", "$1N70752", "", "R", 22.27, 21.26, 0, 90],
		[72, "R26_1", 367.96, 1360, "T", "SMD", "$1N152323", "", "R", 22.27, 21.26, 0, 0],
		[73, "R26_2", 402.04, 1360, "T", "SMD", "3V3", "", "R", 22.27, 21.26, 0, 0],
		[74, "R27_1", 402.04, 1310, "T", "SMD", "GND", "GND", "R", 22.27, 21.26, 0, 180],
		[75, "R27_2", 367.96, 1310, "T", "SMD", "$1N152323", "", "R", 22.27, 21.26, 0, 180],
		[76, "R28_1", -455, 1712.04, "T", "SMD", "GPS_VCC_ON_N", "", "R", 22.27, 21.26, 0, 270],
		[77, "R28_2", -455, 1677.96, "T", "SMD", "3V3", "", "R", 22.27, 21.26, 0, 270],
		[78, "U1_1", -148.04, 1443.71, "T", "SMD", "3V3", "", "R", 43.31, 7.87, 0, 180],
		[79, "U1_2", -148.04, 1459.46, "T", "SMD", "I2C0_SDA", "", "R", 43.31, 7.87, 0, 180],
		[80, "U1_3", -148.04, 1475.21, "T", "SMD", "I2C0_SCL", "", "R", 43.31, 7.87, 0, 180],
		[81, "U1_4", -148.04, 1490.96, "T", "SMD", "I2C1_SDA", "", "R", 43.31, 7.87, 0, 180],
		[82, "U1_5", -148.04, 1506.7, "T", "SMD", "I2C1_SCL", "", "R", 43.31, 7.87, 0, 180],
		[83, "U1_6", -148.04, 1522.45, "T", "SMD", "VFO_VDD_ON_N", "", "R", 43.31, 7.87, 0, 180],
		[84, "U1_7", -148.04, 1538.2, "T", "SMD", "U1_7", "", "R", 43.31, 7.87, 0, 180],
		[85, "U1_8", -148.04, 1553.95, "T", "SMD", "U1_8", "", "R", 43.31, 7.87, 0, 180],
		[86, "U1_9", -148.04, 1569.7, "T", "SMD", "GPIO7", "", "R", 43.31, 7.87, 0, 180],
		[87, "U1_10", -148.04, 1585.44, "T", "SMD", "3V3", "", "R", 43.31, 7.87, 0, 180],
		[88, "U1_11", -148.04, 1601.19, "T", "SMD", "UART1_TX", "", "R", 43.31, 7.87, 0, 180],
		[89, "U1_12", -148.04, 1616.94, "T", "SMD", "UART1_RX", "", "R", 43.31, 7.87, 0, 180],
		[90, "U1_13", -148.04, 1632.69, "T", "SMD", "GPIO10", "", "R", 43.31, 7.87, 0, 180],
		[91, "U1_14", -148.04, 1648.44, "T", "SMD", "GPIO11", "", "R", 43.31, 7.87, 0, 180],
		[92, "U1_15", -185.45, 1685.84, "T", "SMD", "U1_15", "", "R", 43.31, 7.87, 0, 270],
		[93, "U1_16", -201.19, 1685.84, "T", "SMD", "U1_16", "", "R", 43.31, 7.87, 0, 270],
		[94, "U1_17", -216.94, 1685.84, "T", "SMD", "GPIO14", "", "R", 43.31, 7.87, 0, 270],
		[95, "U1_18", -232.69, 1685.84, "T", "SMD", "VFO_CLK2", "", "R", 43.31, 7.87, 0, 270],
		[96, "U1_19", -248.44, 1685.84, "T", "SMD", "GND", "GND", "R", 43.31, 7.87, 0, 270],
		[97, "U1_20", -264.19, 1685.84, "T", "SMD", "XIN", "", "R", 43.31, 7.87, 0, 270],
		[98, "U1_21", -279.93, 1685.84, "T", "SMD", "XOUT", "", "R", 43.31, 7.87, 0, 270],
		[99, "U1_22", -295.68, 1685.84, "T", "SMD", "3V3", "", "R", 43.31, 7.87, 0, 270],
		[100, "U1_23", -311.43, 1685.84, "T", "SMD", "1V1", "", "R", 43.31, 7.87, 0, 270],
		[101, "U1_24", -327.18, 1685.84, "T", "SMD", "SWCLK", "", "R", 43.31, 7.87, 0, 270],
		[102, "U1_25", -342.93, 1685.84, "T", "SMD", "SWD", "", "R", 43.31, 7.87, 0, 270],
		[103, "U1_26", -358.67, 1685.84, "T", "SMD", "NRESET", "", "R", 43.31, 7.87, 0, 270],
		[104, "U1_27", -374.42, 1685.84, "T", "SMD", "GPS_VCC_ON_N", "", "R", 43.31, 7.87, 0, 270],
		[105, "U1_28", -390.17, 1685.84, "T", "SMD", "GPS_1PPS", "", "R", 43.31, 7.87, 0, 270],
		[106, "U1_29", -427.58, 1648.44, "T", "SMD", "GPIO18", "", "R", 43.31, 7.87, 0, 0],
		[107, "U1_30", -427.58, 1632.69, "T", "SMD", "GPIO19", "", "R", 43.31, 7.87, 0, 0],
		[108, "U1_31", -427.58, 1616.94, "T", "SMD", "GPIO20", "", "R", 43.31, 7.87, 0, 0],
		[109, "U1_32", -427.58, 1601.19, "T", "SMD", "RF_OUT", "", "R", 43.31, 7.87, 0, 0],
		[110, "U1_33", -427.58, 1585.44, "T", "SMD", "3V3", "", "R", 43.31, 7.87, 0, 0],
		[111, "U1_34", -427.58, 1569.7, "T", "SMD", "GPIO22", "", "R", 43.31, 7.87, 0, 0],
		[112, "U1_35", -427.58, 1553.95, "T", "SMD", "PS", "", "R", 43.31, 7.87, 0, 0],
		[113, "U1_36", -427.58, 1538.2, "T", "SMD", "3V3", "", "R", 43.31, 7.87, 0, 0],
		[114, "U1_37", -427.58, 1522.45, "T", "SMD", "LED", "", "R", 43.31, 7.87, 0, 0],
		[115, "U1_38", -427.58, 1506.7, "T", "SMD", "ADC0", "", "R", 43.31, 7.87, 0, 0],
		[116, "U1_39", -427.58, 1490.96, "T", "SMD", "ADC1", "", "R", 43.31, 7.87, 0, 0],
		[117, "U1_40", -427.58, 1475.21, "T", "SMD", "ADC2", "", "R", 43.31, 7.87, 0, 0],
		[118, "U1_41", -427.58, 1459.46, "T", "SMD", "BATT_V", "", "R", 43.31, 7.87, 0, 0],
		[119, "U1_42", -427.58, 1443.71, "T", "SMD", "3V3", "", "R", 43.31, 7.87, 0, 0],
		[120, "U1_43", -390.17, 1406.31, "T", "SMD", "ADC_AVDD", "", "R", 43.31, 7.87, 0, 90],
		[121, "U1_44", -374.42, 1406.31, "T", "SMD", "3V3", "", "R", 43.31, 7.87, 0, 90],
		[122, "U1_45", -358.67, 1406.31, "T", "SMD", "1V1", "", "R", 43.31, 7.87, 0, 90],
		[123, "U1_46", -342.93, 1406.31, "T", "SMD", "$1N22007", "", "R", 43.31, 7.87, 0, 90],
		[124, "U1_47", -327.18, 1406.31, "T", "SMD", "$1N22362", "", "R", 43.31, 7.87, 0, 90],
		[125, "U1_48", -311.43, 1406.31, "T", "SMD", "3V3", "", "R", 43.31, 7.87, 0, 90],
		[126, "U1_49", -295.68, 1406.31, "T", "SMD", "3V3", "", "R", 43.31, 7.87, 0, 90],
		[127, "U1_50", -279.93, 1406.31, "T", "SMD", "1V1", "", "R", 43.31, 7.87, 0, 90],
		[128, "U1_51", -264.19, 1406.31, "T", "SMD", "QSPI_SD3", "", "R", 43.31, 7.87, 0, 90],
		[129, "U1_52", -248.44, 1406.31, "T", "SMD", "QSPI_SCLK", "", "R", 43.31, 7.87, 0, 90],
		[130, "U1_53", -232.69, 1406.31, "T", "SMD", "QSPI_SD0", "", "R", 43.31, 7.87, 0, 90],
		[131, "U1_54", -216.94, 1406.31, "T", "SMD", "QSPI_SD2", "", "R", 43.31, 7.87, 0, 90],
		[132, "U1_55", -201.19, 1406.31, "T", "SMD", "QSPI_SD1", "", "R", 43.31, 7.87, 0, 90],
		[133, "U1_56", -185.45, 1406.31, "T", "SMD", "QSPI_SS", "", "R", 43.31, 7.87, 0, 90],
		[134, "U1_57", -287.81, 1546.07, "T", "SMD", "GND", "GND", "R", 122.05, 122.05, 0, 180],
		[135, "U2_1", -155.47, 1339.35, "T", "SMD", "QSPI_SS", "", "R", 23.62, 11.02, 0, 90],
		[136, "U2_2", -175.16, 1339.35, "T", "SMD", "QSPI_SD1", "", "R", 23.62, 11.02, 0, 90],
		[137, "U2_3", -194.84, 1339.35, "T", "SMD", "QSPI_SD2", "", "R", 23.62, 11.02, 0, 90],
		[138, "U2_4", -214.53, 1339.35, "T", "SMD", "GND", "GND", "R", 23.62, 11.02, 0, 90],
		[139, "U2_5", -214.53, 1220.65, "T", "SMD", "QSPI_SD0", "", "R", 23.62, 11.02, 0, 90],
		[140, "U2_6", -194.84, 1220.65, "T", "SMD", "QSPI_SCLK", "", "R", 23.62, 11.02, 0, 90],
		[141, "U2_7", -175.16, 1220.65, "T", "SMD", "QSPI_SD3", "", "R", 23.62, 11.02, 0, 90],
		[142, "U2_8", -155.47, 1220.65, "T", "SMD", "3V3", "", "R", 23.62, 11.02, 0, 90],
		[143, "U2_9", -185, 1280, "T", "SMD", "U2_9", "", "R", 11.81, 66.93, 0, 270],
		[144, "U3_1", -522.6, 1324.37, "T", "SMD", "GND", "GND", "R", 49.21, 27.56, 0, 90],
		[145, "U3_2", -597.4, 1324.37, "T", "SMD", "3V3", "", "R", 49.21, 27.56, 0, 90],
		[146, "U3_3", -560, 1245.63, "T", "SMD", "U3_3", "", "R", 49.21, 27.56, 0, 90],
		[147, "U5_1", 525.57, 1638.23, "T", "SMD", "GND", "GND", "O", 27.56, 69.8, 0, 270],
		[148, "U5_2", 525.57, 1594.92, "T", "SMD", "UART1_RX", "", "O", 27.56, 69.8, 0, 270],
		[149, "U5_3", 525.57, 1551.61, "T", "SMD", "U5_3", "", "O", 27.56, 69.8, 0, 270],
		[150, "U5_4", 525.57, 1508.31, "T", "SMD", "GPS_1PPS", "", "O", 27.56, 69.8, 0, 270],
		[151, "U5_5", 525.57, 1465, "T", "SMD", "U5_5", "", "O", 27.56, 69.8, 0, 270],
		[152, "U5_6", 525.57, 1421.69, "T", "SMD", "U5_6", "", "O", 27.56, 69.8, 0, 270],
		[153, "U5_7", 525.57, 1378.39, "T", "SMD", "U5_7", "", "O", 27.56, 69.8, 0, 270],
		[154, "U5_8", 525.57, 1335.08, "T", "SMD", "GPS_3V3", "", "O", 27.56, 69.8, 0, 270],
		[155, "U5_9", 525.57, 1291.77, "T", "SMD", "U5_9", "", "O", 27.56, 69.8, 0, 270],
		[156, "U5_10", 904.43, 1291.77, "T", "SMD", "GND", "GND", "O", 27.56, 69.8, 0, 270],
		[157, "U5_11", 904.43, 1335.08, "T", "SMD", "$1N150578", "", "O", 27.56, 69.8, 0, 270],
		[158, "U5_12", 904.43, 1378.39, "T", "SMD", "GND", "GND", "O", 27.56, 69.8, 0, 270],
		[159, "U5_13", 904.43, 1421.69, "T", "SMD", "U5_13", "", "O", 27.56, 69.8, 0, 270],
		[160, "U5_14", 904.43, 1465, "T", "SMD", "U5_14", "", "O", 27.56, 69.8, 0, 270],
		[161, "U5_15", 904.43, 1508.31, "T", "SMD", "U5_15", "", "O", 27.56, 69.8, 0, 270],
		[162, "U5_16", 904.43, 1551.61, "T", "SMD", "U5_16", "", "O", 27.56, 69.8, 0, 270],
		[163, "U5_17", 904.43, 1594.92, "T", "SMD", "U5_17", "", "O", 27.56, 69.8, 0, 270],
		[164, "U5_18", 904.43, 1638.23, "T", "SMD", "U5_18", "", "O", 27.56, 69.8, 0, 270],
		[165, "U10_1", -497.6, 1788.63, "T", "SMD", "GND", "GND", "R", 42.13, 23.62, 0, 90],
		[166, "U10_2", -572.4, 1788.63, "T", "SMD", "NRESET", "", "R", 42.13, 23.62, 0, 90],
		[167, "U10_3", -535, 1691.38, "T", "SMD", "$1N115739", "", "R", 42.13, 23.62, 0, 90],
		[168, "U11_1", -524.87, 1493.52, "T", "SMD", "GND", "GND", "R", 31.5, 31.5, 0, 180],
		[169, "U11_2", -525.14, 1556.48, "T", "SMD", "$1N146095", "", "R", 31.5, 31.5, 0, 180],
		[170, "U15_1", 79.41, 1286.69, "T", "SMD", "SLR1", "", "R", 13.78, 33.47, 0, 0],
		[171, "U15_2", 105, 1286.69, "T", "SMD", "GND", "GND", "R", 13.78, 33.47, 0, 0],
		[172, "U15_3", 130.59, 1286.69, "T", "SMD", "VBUS", "", "R", 13.78, 33.47, 0, 0],
		[173, "U15_4", 130.59, 1373.31, "T", "SMD", "U15_4", "", "R", 13.78, 33.47, 0, 0],
		[174, "U15_5", 105, 1373.31, "T", "SMD", "U15_5", "", "R", 13.78, 33.47, 0, 0],
		[175, "U15_6", 79.41, 1373.31, "T", "SMD", "VBUS", "", "R", 13.78, 33.47, 0, 0],
		[176, "U16_1", 174.41, 1286.69, "T", "SMD", "SLR2", "", "R", 13.78, 33.47, 0, 0],
		[177, "U16_2", 200, 1286.69, "T", "SMD", "GND", "GND", "R", 13.78, 33.47, 0, 0],
		[178, "U16_3", 225.59, 1286.69, "T", "SMD", "VBUS", "", "R", 13.78, 33.47, 0, 0],
		[179, "U16_4", 225.59, 1373.31, "T", "SMD", "U16_4", "", "R", 13.78, 33.47, 0, 0],
		[180, "U16_5", 200, 1373.31, "T", "SMD", "U16_5", "", "R", 13.78, 33.47, 0, 0],
		[181, "U16_6", 174.41, 1373.31, "T", "SMD", "VBUS", "", "R", 13.78, 33.47, 0, 0],
		[182, "U17_1", 264.41, 1286.69, "T", "SMD", "SLR3", "", "R", 13.78, 33.47, 0, 0],
		[183, "U17_2", 290, 1286.69, "T", "SMD", "GND", "GND", "R", 13.78, 33.47, 0, 0],
		[184, "U17_3", 315.59, 1286.69, "T", "SMD", "VBUS", "", "R", 13.78, 33.47, 0, 0],
		[185, "U17_4", 315.59, 1373.31, "T", "SMD", "U17_4", "", "R", 13.78, 33.47, 0, 0],
		[186, "U17_5", 290, 1373.31, "T", "SMD", "U17_5", "", "R", 13.78, 33.47, 0, 0],
		[187, "U17_6", 264.41, 1373.31, "T", "SMD", "VBUS", "", "R", 13.78, 33.47, 0, 0],
		[188, "U18_1", 251.85, 1512.4, "T", "SMD", "$1N152319", "", "R", 43.31, 23.62, 0, 180],
		[189, "U18_2", 251.85, 1475, "T", "SMD", "GND", "GND", "R", 43.31, 23.62, 0, 180],
		[190, "U18_3", 251.85, 1437.6, "T", "SMD", "VBUS", "", "R", 43.31, 23.62, 0, 180],
		[191, "U18_4", 358.15, 1437.6, "T", "SMD", "$1N152323", "", "R", 43.31, 23.62, 0, 180],
		[192, "U18_5", 358.15, 1475, "T", "SMD", "3V3", "", "R", 43.31, 23.62, 0, 180],
		[193, "U18_6", 358.15, 1512.4, "T", "SMD", "VBUS", "", "R", 43.31, 23.62, 0, 180],
		[194, "U19_1", 983.15, 1335, "T", "SMD", "$1N150578", "", "R", 59.05, 118.11, 0, 0],
		[195, "U19_2", 1376.86, 1335, "T", "SMD", "U19_2", "", "R", 59.05, 118.11, 0, 0],
		[196, "X2_1", -113.31, 1706.54, "T", "SMD", "XIN", "", "R", 55.12, 47.24, 0, 0],
		[197, "X2_2", -26.69, 1706.54, "T", "SMD", "GND", "GND", "R", 55.12, 47.24, 0, 0],
		[198, "X2_3", -26.69, 1773.46, "T", "SMD", "$1N70752", "", "R", 55.12, 47.24, 0, 0],
		[199, "X2_4", -113.31, 1773.46, "T", "SMD", "GND", "GND", "R", 55.12, 47.24, 0, 0],
		[200, "PAD1_7", -494.63, 1225, "T", "DIP", "GND", "GND", "R", 62.99, 62.99, 39.37, 0],
		[201, "PAD1_7", -494.63, 1225, "B", "DIP", "GND", "GND", "R", 62.99, 62.99, 39.37, 0],
		[202, "PAD2_14", -645, 1595, "T", "DIP", "RF_OUT", "", "C", 62.99, 62.99, 41.34, 0],
		[203, "PAD2_14", -645, 1595, "B", "DIP", "RF_OUT", "", "C", 62.99, 62.99, 41.34, 0],
		[204, "PAD3_18", 85, 1230, "T", "DIP", "SLR1", "", "C", 62.99, 62.99, 41.34, 0],
		[205, "PAD3_18", 85, 1230, "B", "DIP", "SLR1", "", "C", 62.99, 62.99, 41.34, 0],
		[206, "PAD4_18", 185, 1230, "T", "DIP", "SLR2", "", "C", 62.99, 62.99, 41.34, 0],
		[207, "PAD4_18", 185, 1230, "B", "DIP", "SLR2", "", "C", 62.99, 62.99, 41.34, 0],
		[208, "PAD5_18", 275, 1230, "T", "DIP", "SLR3", "", "C", 62.99, 62.99, 41.34, 0],
		[209, "PAD5_18", 275, 1230, "B", "DIP", "SLR3", "", "C", 62.99, 62.99, 41.34, 0],
		[210, "PAD6_18", 0, 1230, "T", "DIP", "VBUS", "", "C", 62.99, 62.99, 41.34, 0],
		[211, "PAD6_18", 0, 1230, "B", "DIP", "VBUS", "", "C", 62.99, 62.99, 41.34, 0],
		[212, "PAD7_7", -645, 1502.13, "T", "DIP", "GND", "GND", "R", 62.99, 62.99, 39.37, 0],
		[213, "PAD7_7", -645, 1502.13, "B", "DIP", "GND", "GND", "R", 62.99, 62.99, 39.37, 0],
		[214, "PAD8_17", -645, 1409.25, "T", "DIP", "ADC1", "", "C", 62.99, 62.99, 41.34, 0],
		[215, "PAD8_17", -645, 1409.25, "B", "DIP", "ADC1", "", "C", 62.99, 62.99, 41.34, 0],
		[216, "PAD9_17", -85, 1535, "T", "DIP", "I2C0_SCL", "", "C", 39.37, 39.37, 27.56, 0],
		[217, "PAD9_17", -85, 1535, "B", "DIP", "I2C0_SCL", "", "C", 39.37, 39.37, 27.56, 0],
		[218, "PAD10_17", -80, 1480, "T", "DIP", "I2C0_SDA", "", "C", 39.37, 39.37, 27.56, 0],
		[219, "PAD10_17", -80, 1480, "B", "DIP", "I2C0_SDA", "", "C", 39.37, 39.37, 27.56, 0],
		[220, "PAD11_7", 435, 1230, "T", "DIP", "GND", "GND", "R", 62.99, 62.99, 39.37, 0],
		[221, "PAD11_7", 435, 1230, "B", "DIP", "GND", "GND", "R", 62.99, 62.99, 39.37, 0],
		[222, "PAD12_15", -645, 1316.38, "T", "DIP", "3V3", "", "C", 62.99, 62.99, 41.34, 0],
		[223, "PAD12_15", -645, 1316.38, "B", "DIP", "3V3", "", "C", 62.99, 62.99, 41.34, 0],
		[224, "PAD13_17", -294.63, 1225, "T", "DIP", "USB_DM", "", "C", 60, 60, 36, 0],
		[225, "PAD13_17", -294.63, 1225, "B", "DIP", "USB_DM", "", "C", 60, 60, 36, 0],
		[226, "PAD14_17", -394.63, 1225, "T", "DIP", "USB_DP", "", "C", 60, 60, 36, 0],
		[227, "PAD14_17", -394.63, 1225, "B", "DIP", "USB_DP", "", "C", 60, 60, 36, 0],
		[228, "PAD15_18", -80, 1230, "T", "DIP", "BOOTSEL", "", "C", 62.99, 62.99, 41.34, 0],
		[229, "PAD15_18", -80, 1230, "B", "DIP", "BOOTSEL", "", "C", 62.99, 62.99, 41.34, 0]
	]
}
}