{
"lengthUnit": "mil",
"components": {
	"fields": ["COMPONENT_NO", "COMPONENT_NAME", "LAYER", "X_COORDINATE", "Y_COORDINATE", "ANGLE"],
	"rows": [
		[1, "C2", "T", 555, 1160, 270],
		[2, "C4", "T", 390, 1290, 0],
		[3, "C5", "T", 975, 1705, 270],
		[4, "C6", "T", 800, 1770, 270],
		[5, "C7", "T", 580, 1235, 0],
		[6, "C8", "T", 615, 1165, 90],
		[7, "C9", "T", 400, 1240, 0],
		[8, "C10", "T", 695, 1670, 270],
		[9, "C11", "T", 800, 1075, 90],
		[10, "C12", "T", 930, 1305, 180],
		[11, "C13", "T", 1005, 1505, 180],
		[12, "C14", "T", 730, 1670, 270],
		[13, "C15", "T", 530, 1425, 0],
		[14, "C16", "T", 445, 1325, 0],
		[15, "C17", "T", 760, 1075, 90],
		[16, "C22", "T", 745, 1840, 270],
		[17, "C23", "T", 985, 1050, 180],
		[18, "C26", "T", 990, 1145, 180],
		[19, "C33", "T", 305, 1290, 0],
		[20, "C35", "T", 890, 1885, 270],
		[21, "C36", "T", 235, 1290, 270],
		[22, "C37", "T", 190, 1290, 270],
		[23, "C38", "T", 435, 1125, 270],
		[24, "L1", "T", 485, 1015, 90],
		[25, "Q2", "T", 670, 1790, 180],
		[26, "R6", "T", 715, 1145, 270],
		[27, "R7", "T", 660, 1160, 270],
		[28, "R8", "T", 480, 1225, 90],
		[29, "R10", "T", 830, 1880, 90],
		[30, "R16", "T", 940, 1260, 180],
		[31, "R17", "T", 975, 1220, 0],
		[32, "R18", "T", 450, 1400, 0],
		[33, "R20", "T", 310, 1330, 180],
		[34, "R21", "T", 310, 1245, 180],
		[35, "R22", "T", 795, 1680, 90],
		[36, "R26", "T", 710, 1075, 90],
		[37, "R27", "T", 755, 990, 180],
		[38, "U1", "T", 740, 1415.01, 180],
		[39, "U2", "T", 890, 1120, 180],
		[40, "U3", "T", 375, 775, 180],
		[41, "U5", "T", 345, 1720, 180],
		[42, "U10", "T", 985, 1865, 180],
		[43, "U11", "T", 365, 1395, 0],
		[44, "U15", "T", 155, 1155, 0],
		[45, "U16", "T", 255, 1155, 0],
		[46, "U17", "T", 355, 1155, 0],
		[47, "U18", "T", 620, 1020, 270],
		[48, "USB1", "T", 690.53, 700.57, 0],
		[49, "X2", "T", 885, 1705, 90],
		[50, "PAD1", "T", 480, 1990, 0],
		[51, "PAD1", "B", 480, 1990, 0],
		[52, "PAD2", "T", 135, 1275, 0],
		[53, "PAD2", "B", 135, 1275, 0],
		[54, "PAD3", "T", 130, 1367.5, 0],
		[55, "PAD3", "B", 130, 1367.5, 0],
		[56, "PAD4", "T", 1005, 730, 0],
		[57, "PAD4", "B", 1005, 730, 0],
		[58, "PAD5", "T", 640, 915, 0],
		[59, "PAD5", "B", 640, 915, 0],
		[60, "PAD6", "T", 600, 915, 0],
		[61, "PAD6", "B", 600, 915, 0],
		[62, "PAD7", "T", 395, 1990, 0],
		[63, "PAD7", "B", 395, 1990, 0],
		[64, "PAD8", "T", 1015, 1290, 0],
		[65, "PAD8", "B", 1015, 1290, 0],
		[66, "PAD9", "T", 1015, 1445, 0],
		[67, "PAD9", "B", 1015, 1445, 0],
		[68, "PAD10", "T", 1015, 1367.5, 0],
		[69, "PAD10", "B", 1015, 1367.5, 0],
		[70, "PAD11", "T", 1005, 845, 0],
		[71, "PAD11", "B", 1005, 845, 0],
		[72, "PAD12", "T", 380, 1040, 0],
		[73, "PAD12", "B", 380, 1040, 0],
		[74, "PAD13", "T", 140, 985, 0],
		[75, "PAD13", "B", 140, 985, 0],
		[76, "PAD14", "T", 230, 985, 0],
		[77, "PAD14", "B", 230, 985, 0],
		[78, "PAD15", "T", 320, 985, 0],
		[79, "PAD15", "B", 320, 985, 0],
		[80, "PAD16", "T", 195, 1055, 0],
		[81, "PAD16", "B", 195, 1055, 0],
		[82, "PAD17", "T", 495, 1110, 0],
		[83, "PAD17", "B", 495, 1110, 0],
		[84, "PAD18", "T", 945, 990, 0],
		[85, "PAD18", "B", 945, 990, 0],
		[86, "PAD19", "T", 500, 915, 0],
		[87, "PAD19", "B", 500, 915, 0],
		[88, "PAD20", "T", 135, 1460, 0],
		[89, "PAD20", "B", 135, 1460, 0],
		[90, "PAD21", "T", 635, 1905, 0],
		[91, "PAD21", "B", 635, 1905, 0],
		[92, "PAD22", "T", 1015, 1085, 0],
		[93, "PAD22", "B", 1015, 1085, 0],
		[94, "PAD23", "T", 601, 1667.22, 0],
		[95, "PAD23", "B", 601, 1667.22, 0],
		[96, "PAD24", "T", 125, 1980, 0],
		[97, "PAD24", "B", 125, 1980, 0],
		[98, "PAD25", "T", 270, 1390, 0],
		[99, "PAD25", "B", 270, 1390, 0],
		[100, "PAD26", "T", 540, 1340, 0],
		[101, "PAD26", "B", 540, 1340, 0],
		[102, "PAD27", "T", 445, 915, 0],
		[103, "PAD27", "B", 445, 915, 0]
	]
},
"pins": {
	"fields": ["PIN_NO", "PIN_NAME", "PIN_X", "PIN_Y", "LAYER", "PIN_TYPE", "NET_NAME", "NET_TYPE", "PAD_SHAPE", "PAD_SIZEX", "PAD_SIZEY", "HOLE_SIZE", "PAD_ANGLE"],
	"rows": [
		[1, "C2_1", 555, 1187.56, "T", "SMD", "GND", "GND", "R", 31.5, 35.43, 0, 270],
		[2, "C2_2", 555, 1132.44, "T", "SMD", "3V3", "", "R", 31.5, 35.43, 0, 270],
		[3, "C4_1", 368.54, 1290, "T", "SMD", "GND", "GND", "R", 31.11, 21.26, 0, 0],
		[4, "C4_2", 411.46, 1290, "T", "SMD", "3V3", "", "R", 31.11, 21.26, 0, 0],
		[5, "C5_1", 975, 1726.46, "T", "SMD", "GND", "GND", "R", 31.11, 21.26, 0, 270],
		[6, "C5_2", 975, 1683.54, "T", "SMD", "XIN", "", "R", 31.11, 21.26, 0, 270],
		[7, "C6_1", 800, 1791.46, "T", "SMD", "GND", "GND", "R", 31.11, 21.26, 0, 270],
		[8, "C6_2", 800, 1748.54, "T", "SMD", "$1N70752", "", "R", 31.11, 21.26, 0, 270],
		[9, "C7_1", 558.54, 1235, "T", "SMD", "GND", "GND", "R", 31.11, 21.26, 0, 0],
		[10, "C7_2", 601.46, 1235, "T", "SMD", "3V3", "", "R", 31.11, 21.26, 0, 0],
		[11, "C8_1", 615, 1143.54, "T", "SMD", "GND", "GND", "R", 31.11, 21.26, 0, 90],
		[12, "C8_2", 615, 1186.46, "T", "SMD", "1V1", "", "R", 31.11, 21.26, 0, 90],
		[13, "C9_1", 378.54, 1240, "T", "SMD", "GND", "GND", "R", 31.11, 21.26, 0, 0],
		[14, "C9_2", 421.46, 1240, "T", "SMD", "ADC_AVDD", "", "R", 31.11, 21.26, 0, 0],
		[15, "C10_1", 695, 1691.46, "T", "SMD", "GND", "GND", "R", 31.11, 21.26, 0, 270],
		[16, "C10_2", 695, 1648.54, "T", "SMD", "1V1", "", "R", 31.11, 21.26, 0, 270],
		[17, "C11_1", 800, 1053.54, "T", "SMD", "GND", "GND", "R", 31.11, 21.26, 0, 90],
		[18, "C11_2", 800, 1096.46, "T", "SMD", "1V1", "", "R", 31.11, 21.26, 0, 90],
		[19, "C12_1", 951.46, 1305, "T", "SMD", "GND", "GND", "R", 31.11, 21.26, 0, 180],
		[20, "C12_2", 908.54, 1305, "T", "SMD", "3V3", "", "R", 31.11, 21.26, 0, 180],
		[21, "C13_1", 1026.46, 1505, "T", "SMD", "GND", "GND", "R", 31.11, 21.26, 0, 180],
		[22, "C13_2", 983.54, 1505, "T", "SMD", "3V3", "", "R", 31.11, 21.26, 0, 180],
		[23, "C14_1", 730, 1691.46, "T", "SMD", "GND", "GND", "R", 31.11, 21.26, 0, 270],
		[24, "C14_2", 730, 1648.54, "T", "SMD", "3V3", "", "R", 31.11, 21.26, 0, 270],
		[25, "C15_1", 508.54, 1425, "T", "SMD", "GND", "GND", "R", 31.11, 21.26, 0, 0],
		[26, "C15_2", 551.46, 1425, "T", "SMD", "3V3", "", "R", 31.11, 21.26, 0, 0],
		[27, "C16_1", 423.54, 1325, "T", "SMD", "GND", "GND", "R", 31.11, 21.26, 0, 0],
		[28, "C16_2", 466.46, 1325, "T", "SMD", "3V3", "", "R", 31.11, 21.26, 0, 0],
		[29, "C17_1", 760, 1053.54, "T", "SMD", "GND", "GND", "R", 31.11, 21.26, 0, 90],
		[30, "C17_2", 760, 1096.46, "T", "SMD", "3V3", "", "R", 31.11, 21.26, 0, 90],
		[31, "C22_1", 745, 1861.46, "T", "SMD", "GND", "GND", "R", 31.11, 21.26, 0, 270],
		[32, "C22_2", 745, 1818.54, "T", "SMD", "GPS_3V3", "", "R", 31.11, 21.26, 0, 270],
		[33, "C23_1", 1006.46, 1050, "T", "SMD", "GND", "GND", "R", 31.11, 21.26, 0, 180],
		[34, "C23_2", 963.54, 1050, "T", "SMD", "3V3", "", "R", 31.11, 21.26, 0, 180],
		[35, "C26_1", 1011.46, 1145, "T", "SMD", "GND", "GND", "R", 31.11, 21.26, 0, 180],
		[36, "C26_2", 968.54, 1145, "T", "SMD", "3V3", "", "R", 31.11, 21.26, 0, 180],
		[37, "C33_1", 283.54, 1290, "T", "SMD", "GND", "GND", "R", 31.11, 21.26, 0, 0],
		[38, "C33_2", 326.46, 1290, "T", "SMD", "BATT_V", "", "R", 31.11, 21.26, 0, 0],
		[39, "C35_1", 890, 1906.46, "T", "SMD", "GND", "GND", "R", 31.11, 21.26, 0, 270],
		[40, "C35_2", 890, 1863.54, "T", "SMD", "$1N115739", "", "R", 31.11, 21.26, 0, 270],
		[41, "C36_1", 235, 1311.46, "T", "SMD", "GND", "GND", "R", 31.11, 21.26, 0, 270],
		[42, "C36_2", 235, 1268.54, "T", "SMD", "VBUS", "", "R", 31.11, 21.26, 0, 270],
		[43, "C37_1", 190, 1311.46, "T", "SMD", "GND", "GND", "R", 31.11, 21.26, 0, 270],
		[44, "C37_2", 190, 1268.54, "T", "SMD", "VBUS", "", "R", 31.11, 21.26, 0, 270],
		[45, "C38_1", 435, 1152.56, "T", "SMD", "GND", "GND", "R", 31.5, 35.43, 0, 270],
		[46, "C38_2", 435, 1097.44, "T", "SMD", "VBUS", "", "R", 31.5, 35.43, 0, 270],
		[47, "L1_1", 485, 971.69, "T", "SMD", "$1N152319", "", "R", 70.87, 31.5, 0, 180],
		[48, "L1_2", 485, 1058.31, "T", "SMD", "VBUS", "", "R", 70.87, 31.5, 0, 180],
		[49, "Q2_1", 624.72, 1827.4, "T", "SMD", "GPS_VCC_ON_N", "", "R", 39.37, 31.5, 0, 0],
		[50, "Q2_2", 624.72, 1752.6, "T", "SMD", "3V3", "", "R", 39.37, 31.5, 0, 0],
		[51, "Q2_3", 715.28, 1790, "T", "SMD", "GPS_3V3", "", "R", 39.37, 31.5, 0, 0],
		[52, "R6_1", 715, 1162.04, "T", "SMD", "$1N22362", "", "R", 22.27, 21.26, 0, 270],
		[53, "R6_2", 715, 1127.96, "T", "SMD", "USB_DP", "", "R", 22.27, 21.26, 0, 270],
		[54, "R7_1", 660, 1177.04, "T", "SMD", "$1N22007", "", "R", 22.27, 21.26, 0, 270],
		[55, "R7_2", 660, 1142.96, "T", "SMD", "USB_DM", "", "R", 22.27, 21.26, 0, 270],
		[56, "R8_1", 480, 1207.96, "T", "SMD", "ADC_AVDD", "", "R", 22.27, 21.26, 0, 90],
		[57, "R8_2", 480, 1242.04, "T", "SMD", "3V3", "", "R", 22.27, 21.26, 0, 90],
		[58, "R10_1", 830, 1862.96, "T", "SMD", "$1N115739", "", "R", 22.27, 21.26, 0, 90],
		[59, "R10_2", 830, 1897.04, "T", "SMD", "3V3", "", "R", 22.27, 21.26, 0, 90],
		[60, "R16_1", 957.04, 1260, "T", "SMD", "QSPI_SS", "", "R", 22.27, 21.26, 0, 180],
		[61, "R16_2", 922.96, 1260, "T", "SMD", "3V3", "", "R", 22.27, 21.26, 0, 180],
		[62, "R17_1", 957.96, 1220, "T", "SMD", "QSPI_SS", "", "R", 22.27, 21.26, 0, 0],
		[63, "R17_2", 992.04, 1220, "T", "SMD", "BOOTSEL", "", "R", 22.27, 21.26, 0, 0],
		[64, "R18_1", 432.96, 1400, "T", "SMD", "$1N146095", "", "R", 22.27, 21.26, 0, 0],
		[65, "R18_2", 467.04, 1400, "T", "SMD", "LED", "", "R", 22.27, 21.26, 0, 0],
		[66, "R20_1", 327.04, 1330, "T", "SMD", "BATT_V", "", "R", 22.27, 21.26, 0, 180],
		[67, "R20_2", 292.96, 1330, "T", "SMD", "GND", "GND", "R", 22.27, 21.26, 0, 180],
		[68, "R21_1", 327.04, 1245, "T", "SMD", "BATT_V", "", "R", 22.27, 21.26, 0, 180],
		[69, "R21_2", 292.96, 1245, "T", "SMD", "VBUS", "", "R", 22.27, 21.26, 0, 180],
		[70, "R22_1", 795, 1662.96, "T", "SMD", "XOUT", "", "R", 22.27, 21.26, 0, 90],
		[71, "R22_2", 795, 1697.04, "T", "SMD", "$1N70752", "", "R", 22.27, 21.26, 0, 90],
		[72, "R26_1", 710, 1057.96, "T", "SMD", "$1N152323", "", "R", 22.27, 21.26, 0, 90],
		[73, "R26_2", 710, 1092.04, "T", "SMD", "3V3", "", "R", 22.27, 21.26, 0, 90],
		[74, "R27_1", 772.04, 990, "T", "SMD", "GND", "GND", "R", 22.27, 21.26, 0, 180],
		[75, "R27_2", 737.96, 990, "T", "SMD", "$1N152323", "", "R", 22.27, 21.26, 0, 180],
		[76, "U1_1", 879.77, 1312.64, "T", "SMD", "3V3", "", "R", 43.31, 7.87, 0, 180],
		[77, "U1_2", 879.77, 1328.39, "T", "SMD", "I2C0_SDA", "", "R", 43.31, 7.87, 0, 180],
		[78, "U1_3", 879.77, 1344.14, "T", "SMD", "I2C0_SCL", "", "R", 43.31, 7.87, 0, 180],
		[79, "U1_4", 879.77, 1359.89, "T", "SMD", "I2C1_SDA", "", "R", 43.31, 7.87, 0, 180],
		[80, "U1_5", 879.77, 1375.63, "T", "SMD", "I2C1_SCL", "", "R", 43.31, 7.87, 0, 180],
		[81, "U1_6", 879.77, 1391.38, "T", "SMD", "VFO_VDD_ON_N", "", "R", 43.31, 7.87, 0, 180],
		[82, "U1_7", 879.77, 1407.13, "T", "SMD", "U1_7", "", "R", 43.31, 7.87, 0, 180],
		[83, "U1_8", 879.77, 1422.88, "T", "SMD", "U1_8", "", "R", 43.31, 7.87, 0, 180],
		[84, "U1_9", 879.77, 1438.63, "T", "SMD", "GPIO7", "", "R", 43.31, 7.87, 0, 180],
		[85, "U1_10", 879.77, 1454.37, "T", "SMD", "3V3", "", "R", 43.31, 7.87, 0, 180],
		[86, "U1_11", 879.77, 1470.12, "T", "SMD", "UART1_TX", "", "R", 43.31, 7.87, 0, 180],
		[87, "U1_12", 879.77, 1485.87, "T", "SMD", "UART1_RX", "", "R", 43.31, 7.87, 0, 180],
		[88, "U1_13", 879.77, 1501.62, "T", "SMD", "GPIO10", "", "R", 43.31, 7.87, 0, 180],
		[89, "U1_14", 879.77, 1517.37, "T", "SMD", "GPIO11", "", "R", 43.31, 7.87, 0, 180],
		[90, "U1_15", 842.36, 1554.77, "T", "SMD", "U1_15", "", "R", 43.31, 7.87, 0, 270],
		[91, "U1_16", 826.62, 1554.77, "T", "SMD", "U1_16", "", "R", 43.31, 7.87, 0, 270],
		[92, "U1_17", 810.87, 1554.77, "T", "SMD", "GPIO14", "", "R", 43.31, 7.87, 0, 270],
		[93, "U1_18", 795.12, 1554.77, "T", "SMD", "VFO_CLK2", "", "R", 43.31, 7.87, 0, 270],
		[94, "U1_19", 779.37, 1554.77, "T", "SMD", "GND", "GND", "R", 43.31, 7.87, 0, 270],
		[95, "U1_20", 763.62, 1554.77, "T", "SMD", "XIN", "", "R", 43.31, 7.87, 0, 270],
		[96, "U1_21", 747.88, 1554.77, "T", "SMD", "XOUT", "", "R", 43.31, 7.87, 0, 270],
		[97, "U1_22", 732.13, 1554.77, "T", "SMD", "3V3", "", "R", 43.31, 7.87, 0, 270],
		[98, "U1_23", 716.38, 1554.77, "T", "SMD", "1V1", "", "R", 43.31, 7.87, 0, 270],
		[99, "U1_24", 700.63, 1554.77, "T", "SMD", "SWCLK", "", "R", 43.31, 7.87, 0, 270],
		[100, "U1_25", 684.88, 1554.77, "T", "SMD", "SWD", "", "R", 43.31, 7.87, 0, 270],
		[101, "U1_26", 669.14, 1554.77, "T", "SMD", "NRESET", "", "R", 43.31, 7.87, 0, 270],
		[102, "U1_27", 653.39, 1554.77, "T", "SMD", "GPS_VCC_ON_N", "", "R", 43.31, 7.87, 0, 270],
		[103, "U1_28", 637.64, 1554.77, "T", "SMD", "GPS_1PPS", "", "R", 43.31, 7.87, 0, 270],
		[104, "U1_29", 600.23, 1517.37, "T", "SMD", "GPIO18", "", "R", 43.31, 7.87, 0, 0],
		[105, "U1_30", 600.23, 1501.62, "T", "SMD", "GPIO19", "", "R", 43.31, 7.87, 0, 0],
		[106, "U1_31", 600.23, 1485.87, "T", "SMD", "GPIO20", "", "R", 43.31, 7.87, 0, 0],
		[107, "U1_32", 600.23, 1470.12, "T", "SMD", "RF_OUT", "", "R", 43.31, 7.87, 0, 0],
		[108, "U1_33", 600.23, 1454.37, "T", "SMD", "3V3", "", "R", 43.31, 7.87, 0, 0],
		[109, "U1_34", 600.23, 1438.63, "T", "SMD", "GPIO22", "", "R", 43.31, 7.87, 0, 0],
		[110, "U1_35", 600.23, 1422.88, "T", "SMD", "PS", "", "R", 43.31, 7.87, 0, 0],
		[111, "U1_36", 600.23, 1407.13, "T", "SMD", "3V3", "", "R", 43.31, 7.87, 0, 0],
		[112, "U1_37", 600.23, 1391.38, "T", "SMD", "LED", "", "R", 43.31, 7.87, 0, 0],
		[113, "U1_38", 600.23, 1375.63, "T", "SMD", "ADC0", "", "R", 43.31, 7.87, 0, 0],
		[114, "U1_39", 600.23, 1359.89, "T", "SMD", "ADC1", "", "R", 43.31, 7.87, 0, 0],
		[115, "U1_40", 600.23, 1344.14, "T", "SMD", "ADC2", "", "R", 43.31, 7.87, 0, 0],
		[116, "U1_41", 600.23, 1328.39, "T", "SMD", "BATT_V", "", "R", 43.31, 7.87, 0, 0],
		[117, "U1_42", 600.23, 1312.64, "T", "SMD", "3V3", "", "R", 43.31, 7.87, 0, 0],
		[118, "U1_43", 637.64, 1275.24, "T", "SMD", "ADC_AVDD", "", "R", 43.31, 7.87, 0, 90],
		[119, "U1_44", 653.39, 1275.24, "T", "SMD", "3V3", "", "R", 43.31, 7.87, 0, 90],
		[120, "U1_45", 669.14, 1275.24, "T", "SMD", "1V1", "", "R", 43.31, 7.87, 0, 90],
		[121, "U1_46", 684.88, 1275.24, "T", "SMD", "$1N22007", "", "R", 43.31, 7.87, 0, 90],
		[122, "U1_47", 700.63, 1275.24, "T", "SMD", "$1N22362", "", "R", 43.31, 7.87, 0, 90],
		[123, "U1_48", 716.38, 1275.24, "T", "SMD", "3V3", "", "R", 43.31, 7.87, 0, 90],
		[124, "U1_49", 732.13, 1275.24, "T", "SMD", "3V3", "", "R", 43.31, 7.87, 0, 90],
		[125, "U1_50", 747.88, 1275.24, "T", "SMD", "1V1", "", "R", 43.31, 7.87, 0, 90],
		[126, "U1_51", 763.62, 1275.24, "T", "SMD", "QSPI_SD3", "", "R", 43.31, 7.87, 0, 90],
		[127, "U1_52", 779.37, 1275.24, "T", "SMD", "QSPI_SCLK", "", "R", 43.31, 7.87, 0, 90],
		[128, "U1_53", 795.12, 1275.24, "T", "SMD", "QSPI_SD0", "", "R", 43.31, 7.87, 0, 90],
		[129, "U1_54", 810.87, 1275.24, "T", "SMD", "QSPI_SD2", "", "R", 43.31, 7.87, 0, 90],
		[130, "U1_55", 826.62, 1275.24, "T", "SMD", "QSPI_SD1", "", "R", 43.31, 7.87, 0, 90],
		[131, "U1_56", 842.36, 1275.24, "T", "SMD", "QSPI_SS", "", "R", 43.31, 7.87, 0, 90],
		[132, "U1_57", 740, 1415, "T", "SMD", "GND", "GND", "R", 122.05, 122.05, 0, 180],
		[133, "U2_1", 919.53, 1179.35, "T", "SMD", "QSPI_SS", "", "R", 23.62, 11.02, 0, 90],
		[134, "U2_2", 899.84, 1179.35, "T", "SMD", "QSPI_SD1", "", "R", 23.62, 11.02, 0, 90],
		[135, "U2_3", 880.16, 1179.35, "T", "SMD", "QSPI_SD2", "", "R", 23.62, 11.02, 0, 90],
		[136, "U2_4", 860.47, 1179.35, "T", "SMD", "GND", "GND", "R", 23.62, 11.02, 0, 90],
		[137, "U2_5", 860.47, 1060.65, "T", "SMD", "QSPI_SD0", "", "R", 23.62, 11.02, 0, 90],
		[138, "U2_6", 880.16, 1060.65, "T", "SMD", "QSPI_SCLK", "", "R", 23.62, 11.02, 0, 90],
		[139, "U2_7", 899.84, 1060.65, "T", "SMD", "QSPI_SD3", "", "R", 23.62, 11.02, 0, 90],
		[140, "U2_8", 919.53, 1060.65, "T", "SMD", "3V3", "", "R", 23.62, 11.02, 0, 90],
		[141, "U2_9", 890, 1120, "T", "SMD", "U2_9", "", "R", 11.81, 66.93, 0, 270],
		[142, "U3_1", 335.63, 812.4, "T", "SMD", "GND", "GND", "R", 49.21, 27.56, 0, 180],
		[143, "U3_2", 335.63, 737.6, "T", "SMD", "3V3", "", "R", 49.21, 27.56, 0, 180],
		[144, "U3_3", 414.37, 775, "T", "SMD", "$1N146351", "", "R", 49.21, 27.56, 0, 180],
		[145, "U5_1", 171.77, 1530.57, "T", "SMD", "GND", "GND", "O", 27.56, 69.8, 0, 0],
		[146, "U5_2", 215.08, 1530.57, "T", "SMD", "UART1_RX", "", "O", 27.56, 69.8, 0, 0],
		[147, "U5_3", 258.39, 1530.57, "T", "SMD", "U5_3", "", "O", 27.56, 69.8, 0, 0],
		[148, "U5_4", 301.69, 1530.57, "T", "SMD", "GPS_1PPS", "", "O", 27.56, 69.8, 0, 0],
		[149, "U5_5", 345, 1530.57, "T", "SMD", "U5_5", "", "O", 27.56, 69.8, 0, 0],
		[150, "U5_6", 388.31, 1530.57, "T", "SMD", "U5_6", "", "O", 27.56, 69.8, 0, 0],
		[151, "U5_7", 431.61, 1530.57, "T", "SMD", "U5_7", "", "O", 27.56, 69.8, 0, 0],
		[152, "U5_8", 474.92, 1530.57, "T", "SMD", "GPS_3V3", "", "O", 27.56, 69.8, 0, 0],
		[153, "U5_9", 518.23, 1530.57, "T", "SMD", "U5_9", "", "O", 27.56, 69.8, 0, 0],
		[154, "U5_10", 518.23, 1909.43, "T", "SMD", "GND", "GND", "O", 27.56, 69.8, 0, 0],
		[155, "U5_11", 474.92, 1909.43, "T", "SMD", "$1N150578", "", "O", 27.56, 69.8, 0, 0],
		[156, "U5_12", 431.61, 1909.43, "T", "SMD", "GND", "GND", "O", 27.56, 69.8, 0, 0],
		[157, "U5_13", 388.31, 1909.43, "T", "SMD", "U5_13", "", "O", 27.56, 69.8, 0, 0],
		[158, "U5_14", 345, 1909.43, "T", "SMD", "U5_14", "", "O", 27.56, 69.8, 0, 0],
		[159, "U5_15", 301.69, 1909.43, "T", "SMD", "U5_15", "", "O", 27.56, 69.8, 0, 0],
		[160, "U5_16", 258.39, 1909.43, "T", "SMD", "U5_16", "", "O", 27.56, 69.8, 0, 0],
		[161, "U5_17", 215.08, 1909.43, "T", "SMD", "U5_17", "", "O", 27.56, 69.8, 0, 0],
		[162, "U5_18", 171.77, 1909.43, "T", "SMD", "U5_18", "", "O", 27.56, 69.8, 0, 0],
		[163, "U10_1", 936.38, 1902.4, "T", "SMD", "GND", "GND", "R", 42.13, 23.62, 0, 180],
		[164, "U10_2", 936.38, 1827.6, "T", "SMD", "NRESET", "", "R", 42.13, 23.62, 0, 180],
		[165, "U10_3", 1033.63, 1865, "T", "SMD", "$1N115739", "", "R", 42.13, 23.62, 0, 180],
		[166, "U11_1", 333.52, 1394.87, "T", "SMD", "GND", "GND", "R", 31.5, 31.5, 0, 90],
		[167, "U11_2", 396.48, 1395.14, "T", "SMD", "$1N146095", "", "R", 31.5, 31.5, 0, 90],
		[168, "U15_1", 129.41, 1111.69, "T", "SMD", "SLR1", "", "R", 13.78, 33.47, 0, 0],
		[169, "U15_2", 155, 1111.69, "T", "SMD", "GND", "GND", "R", 13.78, 33.47, 0, 0],
		[170, "U15_3", 180.59, 1111.69, "T", "SMD", "VBUS", "", "R", 13.78, 33.47, 0, 0],
		[171, "U15_4", 180.59, 1198.31, "T", "SMD", "U15_4", "", "R", 13.78, 33.47, 0, 0],
		[172, "U15_5", 155, 1198.31, "T", "SMD", "U15_5", "", "R", 13.78, 33.47, 0, 0],
		[173, "U15_6", 129.41, 1198.31, "T", "SMD", "VBUS", "", "R", 13.78, 33.47, 0, 0],
		[174, "U16_1", 229.41, 1111.69, "T", "SMD", "SLR2", "", "R", 13.78, 33.47, 0, 0],
		[175, "U16_2", 255, 1111.69, "T", "SMD", "GND", "GND", "R", 13.78, 33.47, 0, 0],
		[176, "U16_3", 280.59, 1111.69, "T", "SMD", "VBUS", "", "R", 13.78, 33.47, 0, 0],
		[177, "U16_4", 280.59, 1198.31, "T", "SMD", "U16_4", "", "R", 13.78, 33.47, 0, 0],
		[178, "U16_5", 255, 1198.31, "T", "SMD", "U16_5", "", "R", 13.78, 33.47, 0, 0],
		[179, "U16_6", 229.41, 1198.31, "T", "SMD", "VBUS", "", "R", 13.78, 33.47, 0, 0],
		[180, "U17_1", 329.41, 1111.69, "T", "SMD", "SLR3", "", "R", 13.78, 33.47, 0, 0],
		[181, "U17_2", 355, 1111.69, "T", "SMD", "GND", "GND", "R", 13.78, 33.47, 0, 0],
		[182, "U17_3", 380.59, 1111.69, "T", "SMD", "VBUS", "", "R", 13.78, 33.47, 0, 0],
		[183, "U17_4", 380.59, 1198.31, "T", "SMD", "U17_4", "", "R", 13.78, 33.47, 0, 0],
		[184, "U17_5", 355, 1198.31, "T", "SMD", "U17_5", "", "R", 13.78, 33.47, 0, 0],
		[185, "U17_6", 329.41, 1198.31, "T", "SMD", "VBUS", "", "R", 13.78, 33.47, 0, 0],
		[186, "U18_1", 582.6, 966.85, "T", "SMD", "$1N152319", "", "R", 43.31, 23.62, 0, 270],
		[187, "U18_2", 620, 966.85, "T", "SMD", "GND", "GND", "R", 43.31, 23.62, 0, 270],
		[188, "U18_3", 657.4, 966.85, "T", "SMD", "VBUS", "", "R", 43.31, 23.62, 0, 270],
		[189, "U18_4", 657.4, 1073.15, "T", "SMD", "$1N152323", "", "R", 43.31, 23.62, 0, 270],
		[190, "U18_5", 620, 1073.15, "T", "SMD", "3V3", "", "R", 43.31, 23.62, 0, 270],
		[191, "U18_6", 582.6, 1073.15, "T", "SMD", "VBUS", "", "R", 43.31, 23.62, 0, 270],
		[192, "USB1_1", 627.54, 808.84, "T", "SMD", "$1N146351", "", "R", 19.68, 90.55, 0, 0],
		[193, "USB1_2", 659.04, 808.84, "T", "SMD", "USB_DM", "", "R", 19.68, 90.55, 0, 0],
		[194, "USB1_3", 690.53, 808.84, "T", "SMD", "USB_DP", "", "R", 19.68, 90.55, 0, 0],
		[195, "USB1_4", 722.03, 808.84, "T", "SMD", "USB1_4", "", "R", 19.68, 90.55, 0, 0],
		[196, "USB1_5", 753.52, 808.84, "T", "SMD", "GND", "GND", "R", 19.68, 90.55, 0, 0],
		[197, "USB1_6", 861.79, 808.84, "T", "SMD", "USB1_6", "", "R", 78.74, 98.42, 0, 0],
		[198, "USB1_7", 861.79, 592.31, "T", "SMD", "USB1_7", "", "R", 78.74, 98.42, 0, 0],
		[199, "USB1_8", 519.27, 808.84, "T", "SMD", "USB1_8", "", "R", 78.74, 98.42, 0, 0],
		[200, "USB1_9", 519.27, 592.31, "T", "SMD", "USB1_9", "", "R", 78.74, 98.42, 0, 0],
		[201, "X2_1", 918.47, 1661.69, "T", "SMD", "XIN", "", "R", 55.12, 47.24, 0, 90],
		[202, "X2_2", 918.47, 1748.31, "T", "SMD", "GND", "GND", "R", 55.12, 47.24, 0, 90],
		[203, "X2_3", 851.53, 1748.31, "T", "SMD", "$1N70752", "", "R", 55.12, 47.24, 0, 90],
		[204, "X2_4", 851.53, 1661.69, "T", "SMD", "GND", "GND", "R", 55.12, 47.24, 0, 90],
		[205, "PAD1_4", 480, 1990, "T", "DIP", "$1N150578", "", "C", 59.06, 59.06, 36, 0],
		[206, "PAD1_4", 480, 1990, "B", "DIP", "$1N150578", "", "C", 59.06, 59.06, 36, 0],
		[207, "PAD2_7", 135, 1275, "T", "DIP", "GND", "GND", "R", 62.99, 62.99, 39.37, 0],
		[208, "PAD2_7", 135, 1275, "B", "DIP", "GND", "GND", "R", 62.99, 62.99, 39.37, 0],
		[209, "PAD3_14", 130, 1367.5, "T", "DIP", "RF_OUT", "", "C", 62.99, 62.99, 41.34, 0],
		[210, "PAD3_14", 130, 1367.5, "B", "DIP", "RF_OUT", "", "C", 62.99, 62.99, 41.34, 0],
		[211, "PAD4_17", 1005, 730, "T", "DIP", "BOOTSEL", "", "C", 60, 60, 36, 0],
		[212, "PAD4_17", 1005, 730, "B", "DIP", "BOOTSEL", "", "C", 60, 60, 36, 0],
		[213, "PAD5_75", 640, 915, "T", "DIP", "USB_DP", "", "C", 29.53, 29.53, 17.72, 0],
		[214, "PAD5_75", 640, 915, "B", "DIP", "USB_DP", "", "C", 29.53, 29.53, 17.72, 0],
		[215, "PAD6_79", 600, 915, "T", "DIP", "USB_DM", "", "C", 29.53, 29.53, 17.72, 0],
		[216, "PAD6_79", 600, 915, "B", "DIP", "USB_DM", "", "C", 29.53, 29.53, 17.72, 0],
		[217, "PAD7_9", 395, 1990, "T", "DIP", "GND", "GND", "C", 59.06, 59.06, 36, 0],
		[218, "PAD7_9", 395, 1990, "B", "DIP", "GND", "GND", "C", 59.06, 59.06, 36, 0],
		[219, "PAD8_106", 1015, 1290, "T", "DIP", "GND", "GND", "C", 60, 60, 36, 0],
		[220, "PAD8_106", 1015, 1290, "B", "DIP", "GND", "GND", "C", 60, 60, 36, 0],
		[221, "PAD9_108", 1015, 1445, "T", "DIP", "I2C0_SCL", "", "C", 60, 60, 36, 0],
		[222, "PAD9_108", 1015, 1445, "B", "DIP", "I2C0_SCL", "", "C", 60, 60, 36, 0],
		[223, "PAD10_111", 1015, 1367.5, "T", "DIP", "I2C0_SDA", "", "C", 60, 60, 36, 0],
		[224, "PAD10_111", 1015, 1367.5, "B", "DIP", "I2C0_SDA", "", "C", 60, 60, 36, 0],
		[225, "PAD11_118", 1005, 845, "T", "DIP", "GND", "GND", "C", 60, 60, 36, 0],
		[226, "PAD11_118", 1005, 845, "B", "DIP", "GND", "GND", "C", 60, 60, 36, 0],
		[227, "PAD12_15", 380, 1040, "T", "DIP", "3V3", "", "C", 62.99, 62.99, 41.34, 0],
		[228, "PAD12_15", 380, 1040, "B", "DIP", "3V3", "", "C", 62.99, 62.99, 41.34, 0],
		[229, "PAD13_18", 140, 985, "T", "DIP", "SLR1", "", "C", 62.99, 62.99, 41.34, 0],
		[230, "PAD13_18", 140, 985, "B", "DIP", "SLR1", "", "C", 62.99, 62.99, 41.34, 0],
		[231, "PAD14_18", 230, 985, "T", "DIP", "SLR2", "", "C", 62.99, 62.99, 41.34, 0],
		[232, "PAD14_18", 230, 985, "B", "DIP", "SLR2", "", "C", 62.99, 62.99, 41.34, 0],
		[233, "PAD15_18", 320, 985, "T", "DIP", "SLR3", "", "C", 62.99, 62.99, 41.34, 0],
		[234, "PAD15_18", 320, 985, "B", "DIP", "SLR3", "", "C", 62.99, 62.99, 41.34, 0],
		[235, "PAD16_18", 195, 1055, "T", "DIP", "VBUS", "", "C", 62.99, 62.99, 41.34, 0],
		[236, "PAD16_18", 195, 1055, "B", "DIP", "VBUS", "", "C", 62.99, 62.99, 41.34, 0],
		[237, "PAD17_116", 495, 1110, "T", "DIP", "3V3", "", "C", 27.56, 27.56, 19.68, 0],
		[238, "PAD17_116", 495, 1110, "B", "DIP", "3V3", "", "C", 27.56, 27.56, 19.68, 0],
		[239, "PAD18_75", 945, 990, "T", "DIP", "BOOTSEL", "", "C", 39.37, 39.37, 27.56, 0],
		[240, "PAD18_75", 945, 990, "B", "DIP", "BOOTSEL", "", "C", 39.37, 39.37, 27.56, 0],
		[241, "PAD19_4", 500, 915, "T", "DIP", "GND", "GND", "C", 39.37, 39.37, 36, 0],
		[242, "PAD19_4", 500, 915, "B", "DIP", "GND", "GND", "C", 39.37, 39.37, 36, 0],
		[243, "PAD20_7", 135, 1460, "T", "DIP", "GND", "GND", "R", 62.99, 62.99, 39.37, 0],
		[244, "PAD20_7", 135, 1460, "B", "DIP", "GND", "GND", "R", 62.99, 62.99, 39.37, 0],
		[245, "PAD21_9", 635, 1905, "T", "DIP", "GND", "GND", "C", 59.06, 59.06, 36, 0],
		[246, "PAD21_9", 635, 1905, "B", "DIP", "GND", "GND", "C", 59.06, 59.06, 36, 0],
		[247, "PAD22_106", 1015, 1085, "T", "DIP", "GND", "GND", "C", 60, 60, 36, 0],
		[248, "PAD22_106", 1015, 1085, "B", "DIP", "GND", "GND", "C", 60, 60, 36, 0],
		[249, "PAD23_15", 601, 1667.22, "T", "DIP", "3V3", "", "C", 62.99, 62.99, 41.34, 0],
		[250, "PAD23_15", 601, 1667.22, "B", "DIP", "3V3", "", "C", 62.99, 62.99, 41.34, 0],
		[251, "PAD24_9", 125, 1980, "T", "DIP", "GND", "GND", "C", 59.06, 59.06, 45.35, 0],
		[252, "PAD24_9", 125, 1980, "B", "DIP", "GND", "GND", "C", 59.06, 59.06, 45.35, 0],
		[253, "PAD25_17", 270, 1390, "T", "DIP", "ADC1", "", "C", 62.99, 62.99, 41.34, 0],
		[254, "PAD25_17", 270, 1390, "B", "DIP", "ADC1", "", "C", 62.99, 62.99, 41.34, 0],
		[255, "PAD26_79", 540, 1340, "T", "DIP", "ADC2", "", "C", 39.37, 39.37, 27.56, 0],
		[256, "PAD26_79", 540, 1340, "B", "DIP", "ADC2", "", "C", 39.37, 39.37, 27.56, 0],
		[257, "PAD27_4", 445, 915, "T", "DIP", "GND", "GND", "C", 39.37, 39.37, 36, 0],
		[258, "PAD27_4", 445, 915, "B", "DIP", "GND", "GND", "C", 39.37, 39.37, 36, 0]
	]
}
}