{
"lengthUnit": "mil",
"components": {
	"fields": ["COMPONENT_NO", "COMPONENT_NAME", "LAYER", "X_COORDINATE", "Y_COORDINATE", "ANGLE"],
	"rows": [
		[1, "C1", "T", 215, 1140, 270],
		[2, "C2", "T", 525, 1100, 90],
		[3, "C3", "T", 280, 1115, 270],
		[4, "C4", "T", 395, 1295, 0],
		[5, "C5", "T", 980, 1705, 270],
		[6, "C6", "T", 790, 1760, 270],
		[7, "C7", "T", 530, 1235, 0],
		[8, "C8", "T", 600, 1180, 90],
		[9, "C9", "T", 375, 1225, 270],
		[10, "C10", "T", 695, 1670, 270],
		[11, "C11", "T", 780, 1145, 90],
		[12, "C12", "T", 940, 1305, 180],
		[13, "C13", "T", 1005, 1505, 180],
		[14, "C14", "T", 735, 1670, 270],
		[15, "C15", "T", 470, 1440, 0],
		[16, "C16", "T", 480, 1320, 0],
		[17, "C17", "T", 735, 1145, 90],
		[18, "C22", "T", 750, 1845, 270],
		[19, "C23", "T", 975, 1070, 90],
		[20, "C26", "T", 980, 1145, 180],
		[21, "C33", "T", 300, 1250, 0],
		[22, "C35", "T", 890, 1885, 270],
		[23, "GND", "T", 645, 1170, 270],
		[24, "Q2", "T", 670, 1790, 180],
		[25, "R1", "T", 790, 1665, 270],
		[26, "R6", "T", 690, 1170, 270],
		[27, "R8", "T", 445, 1190, 0],
		[28, "R10", "T", 830, 1880, 90],
		[29, "R14", "T", 625, 1885, 90],
		[30, "R16", "T", 930, 1260, 180],
		[31, "R17", "T", 972.04, 1220, 0],
		[32, "R18", "T", 1055, 1575, 270],
		[33, "R20", "T", 305, 1300, 180],
		[34, "R21", "T", 325, 1180, 270],
		[35, "U1", "T", 740, 1415.01, 180],
		[36, "U2", "T", 875, 1115, 180],
		[37, "U3", "T", 395, 1095, 0],
		[38, "U5", "T", 345, 1720, 180],
		[39, "U10", "T", 990, 1860, 180],
		[40, "U11", "T", 1045, 1740, 270],
		[41, "U12", "T", 575, 795, 0],
		[42, "X2", "T", 885, 1705, 90],
		[43, "PAD1", "T", 480, 1990, 0],
		[44, "PAD1", "B", 480, 1990, 0],
		[45, "PAD2", "T", 125, 1176.38, 0],
		[46, "PAD2", "B", 125, 1176.38, 0],
		[47, "PAD3", "T", 125, 1362.13, 0],
		[48, "PAD3", "B", 125, 1362.13, 0],
		[49, "PAD4", "T", 125, 1455, 0],
		[50, "PAD4", "B", 125, 1455, 0],
		[51, "PAD5", "T", 1040, 1220, 0],
		[52, "PAD5", "B", 1040, 1220, 0],
		[53, "PAD6", "T", 645, 1025, 0],
		[54, "PAD6", "B", 645, 1025, 0],
		[55, "PAD7", "T", 123.5, 1085, 0],
		[56, "PAD7", "B", 123.5, 1085, 0],
		[57, "PAD8", "T", 585, 1020, 0],
		[58, "PAD8", "B", 585, 1020, 0],
		[59, "PAD9", "T", 395, 1990, 0],
		[60, "PAD9", "B", 395, 1990, 0],
		[61, "PAD10", "T", 1040, 1295, 0],
		[62, "PAD10", "B", 1040, 1295, 0],
		[63, "PAD11", "T", 1040, 1445, 0],
		[64, "PAD11", "B", 1040, 1445, 0],
		[65, "PAD12", "T", 1040, 1370, 0],
		[66, "PAD12", "B", 1040, 1370, 0],
		[67, "PAD13", "T", 350, 1405, 0],
		[68, "PAD13", "B", 350, 1405, 0],
		[69, "PAD14", "T", 255, 1365, 0],
		[70, "PAD14", "B", 255, 1365, 0],
		[71, "PAD15", "T", 125, 1269.25, 0],
		[72, "PAD15", "B", 125, 1269.25, 0],
		[73, "PAD16", "T", 1040, 1035.05, 0],
		[74, "PAD16", "B", 1040, 1035.05, 0],
		[75, "PAD17", "T", 515, 1180, 0],
		[76, "PAD17", "B", 515, 1180, 0],
		[77, "PAD18", "T", 465, 1135, 0],
		[78, "PAD18", "B", 465, 1135, 0],
		[79, "PAD19", "T", 585, 1105, 0],
		[80, "PAD19", "B", 585, 1105, 0]
	]
},
"pins": {
	"fields": ["PIN_NO", "PIN_NAME", "PIN_X", "PIN_Y", "LAYER", "PIN_TYPE", "NET_NAME", "NET_TYPE", "PAD_SHAPE", "PAD_SIZEX", "PAD_SIZEY", "HOLE_SIZE", "PAD_ANGLE"],
	"rows": [
		[1, "C1_1", 215, 1179.37, "T", "SMD", "GND", "GND", "R", 55.51, 53.15, 0, 270],
		[2, "C1_2", 215, 1100.63, "T", "SMD", "VBUS", "", "R", 55.51, 53.15, 0, 270],
		[3, "C2_1", 525, 1072.44, "T", "SMD", "GND", "GND", "R", 31.5, 35.43, 0, 90],
		[4, "C2_2", 525, 1127.56, "T", "SMD", "3V3", "", "R", 31.5, 35.43, 0, 90],
		[5, "C3_1", 280, 1136.46, "T", "SMD", "GND", "GND", "R", 31.11, 21.26, 0, 270],
		[6, "C3_2", 280, 1093.54, "T", "SMD", "VBUS", "", "R", 31.11, 21.26, 0, 270],
		[7, "C4_1", 373.54, 1295, "T", "SMD", "GND", "GND", "R", 31.11, 21.26, 0, 0],
		[8, "C4_2", 416.46, 1295, "T", "SMD", "3V3", "", "R", 31.11, 21.26, 0, 0],
		[9, "C5_1", 980, 1726.46, "T", "SMD", "GND", "GND", "R", 31.11, 21.26, 0, 270],
		[10, "C5_2", 980, 1683.54, "T", "SMD", "XIN", "", "R", 31.11, 21.26, 0, 270],
		[11, "C6_1", 790, 1781.46, "T", "SMD", "GND", "GND", "R", 31.11, 21.26, 0, 270],
		[12, "C6_2", 790, 1738.54, "T", "SMD", "$1N70752", "", "R", 31.11, 21.26, 0, 270],
		[13, "C7_1", 508.54, 1235, "T", "SMD", "GND", "GND", "R", 31.11, 21.26, 0, 0],
		[14, "C7_2", 551.46, 1235, "T", "SMD", "3V3", "", "R", 31.11, 21.26, 0, 0],
		[15, "C8_1", 600, 1158.54, "T", "SMD", "GND", "GND", "R", 31.11, 21.26, 0, 90],
		[16, "C8_2", 600, 1201.46, "T", "SMD", "1V1", "", "R", 31.11, 21.26, 0, 90],
		[17, "C9_1", 375, 1246.46, "T", "SMD", "GND", "GND", "R", 31.11, 21.26, 0, 270],
		[18, "C9_2", 375, 1203.54, "T", "SMD", "ADC_AVDD", "", "R", 31.11, 21.26, 0, 270],
		[19, "C10_1", 695, 1691.46, "T", "SMD", "GND", "GND", "R", 31.11, 21.26, 0, 270],
		[20, "C10_2", 695, 1648.54, "T", "SMD", "1V1", "", "R", 31.11, 21.26, 0, 270],
		[21, "C11_1", 780, 1123.54, "T", "SMD", "GND", "GND", "R", 31.11, 21.26, 0, 90],
		[22, "C11_2", 780, 1166.46, "T", "SMD", "1V1", "", "R", 31.11, 21.26, 0, 90],
		[23, "C12_1", 961.46, 1305, "T", "SMD", "GND", "GND", "R", 31.11, 21.26, 0, 180],
		[24, "C12_2", 918.54, 1305, "T", "SMD", "3V3", "", "R", 31.11, 21.26, 0, 180],
		[25, "C13_1", 1026.46, 1505, "T", "SMD", "GND", "GND", "R", 31.11, 21.26, 0, 180],
		[26, "C13_2", 983.54, 1505, "T", "SMD", "3V3", "", "R", 31.11, 21.26, 0, 180],
		[27, "C14_1", 735, 1691.46, "T", "SMD", "GND", "GND", "R", 31.11, 21.26, 0, 270],
		[28, "C14_2", 735, 1648.54, "T", "SMD", "3V3", "", "R", 31.11, 21.26, 0, 270],
		[29, "C15_1", 448.54, 1440, "T", "SMD", "GND", "GND", "R", 31.11, 21.26, 0, 0],
		[30, "C15_2", 491.46, 1440, "T", "SMD", "3V3", "", "R", 31.11, 21.26, 0, 0],
		[31, "C16_1", 458.54, 1320, "T", "SMD", "GND", "GND", "R", 31.11, 21.26, 0, 0],
		[32, "C16_2", 501.46, 1320, "T", "SMD", "3V3", "", "R", 31.11, 21.26, 0, 0],
		[33, "C17_1", 735, 1123.54, "T", "SMD", "GND", "GND", "R", 31.11, 21.26, 0, 90],
		[34, "C17_2", 735, 1166.46, "T", "SMD", "3V3", "", "R", 31.11, 21.26, 0, 90],
		[35, "C22_1", 750, 1866.46, "T", "SMD", "GND", "GND", "R", 31.11, 21.26, 0, 270],
		[36, "C22_2", 750, 1823.54, "T", "SMD", "GPS_3V3", "", "R", 31.11, 21.26, 0, 270],
		[37, "C23_1", 975, 1048.54, "T", "SMD", "GND", "GND", "R", 31.11, 21.26, 0, 90],
		[38, "C23_2", 975, 1091.46, "T", "SMD", "3V3", "", "R", 31.11, 21.26, 0, 90],
		[39, "C26_1", 1001.46, 1145, "T", "SMD", "GND", "GND", "R", 31.11, 21.26, 0, 180],
		[40, "C26_2", 958.54, 1145, "T", "SMD", "3V3", "", "R", 31.11, 21.26, 0, 180],
		[41, "C33_1", 278.54, 1250, "T", "SMD", "GND", "GND", "R", 31.11, 21.26, 0, 0],
		[42, "C33_2", 321.46, 1250, "T", "SMD", "BATT_V", "", "R", 31.11, 21.26, 0, 0],
		[43, "C35_1", 890, 1906.46, "T", "SMD", "GND", "GND", "R", 31.11, 21.26, 0, 270],
		[44, "C35_2", 890, 1863.54, "T", "SMD", "$1N115739", "", "R", 31.11, 21.26, 0, 270],
		[45, "GND_1", 645, 1187.04, "T", "SMD", "$1N22007", "", "R", 22.27, 21.26, 0, 270],
		[46, "GND_2", 645, 1152.96, "T", "SMD", "USB_DM", "", "R", 22.27, 21.26, 0, 270],
		[47, "Q2_1", 624.72, 1827.4, "T", "SMD", "GPS_VCC_ON_N", "", "R", 39.37, 31.5, 0, 0],
		[48, "Q2_2", 624.72, 1752.6, "T", "SMD", "3V3", "", "R", 39.37, 31.5, 0, 0],
		[49, "Q2_3", 715.28, 1790, "T", "SMD", "GPS_3V3", "", "R", 39.37, 31.5, 0, 0],
		[50, "R1_1", 790, 1682.04, "T", "SMD", "$1N70752", "", "R", 22.27, 21.26, 0, 270],
		[51, "R1_2", 790, 1647.96, "T", "SMD", "XOUT", "", "R", 22.27, 21.26, 0, 270],
		[52, "R6_1", 690, 1187.04, "T", "SMD", "$1N22362", "", "R", 22.27, 21.26, 0, 270],
		[53, "R6_2", 690, 1152.96, "T", "SMD", "USB_DP", "", "R", 22.27, 21.26, 0, 270],
		[54, "R8_1", 427.96, 1190, "T", "SMD", "ADC_AVDD", "", "R", 22.27, 21.26, 0, 0],
		[55, "R8_2", 462.04, 1190, "T", "SMD", "3V3", "", "R", 22.27, 21.26, 0, 0],
		[56, "R10_1", 830, 1862.96, "T", "SMD", "$1N115739", "", "R", 22.27, 21.26, 0, 90],
		[57, "R10_2", 830, 1897.04, "T", "SMD", "3V3", "", "R", 22.27, 21.26, 0, 90],
		[58, "R14_1", 625, 1867.96, "T", "SMD", "GPS_VCC_ON_N", "", "R", 22.27, 21.26, 0, 90],
		[59, "R14_2", 625, 1902.04, "T", "SMD", "3V3", "", "R", 22.27, 21.26, 0, 90],
		[60, "R16_1", 947.04, 1260, "T", "SMD", "QSPI_SS", "", "R", 22.27, 21.26, 0, 180],
		[61, "R16_2", 912.96, 1260, "T", "SMD", "3V3", "", "R", 22.27, 21.26, 0, 180],
		[62, "R17_1", 955, 1220, "T", "SMD", "QSPI_SS", "", "R", 22.27, 21.26, 0, 0],
		[63, "R17_2", 989.08, 1220, "T", "SMD", "BOOTSEL", "", "R", 22.27, 21.26, 0, 0],
		[64, "R18_1", 1055, 1592.04, "T", "SMD", "$1N146095", "", "R", 22.27, 21.26, 0, 270],
		[65, "R18_2", 1055, 1557.96, "T", "SMD", "LED", "", "R", 22.27, 21.26, 0, 270],
		[66, "R20_1", 322.04, 1300, "T", "SMD", "BATT_V", "", "R", 22.27, 21.26, 0, 180],
		[67, "R20_2", 287.96, 1300, "T", "SMD", "GND", "GND", "R", 22.27, 21.26, 0, 180],
		[68, "R21_1", 325, 1197.04, "T", "SMD", "BATT_V", "", "R", 22.27, 21.26, 0, 270],
		[69, "R21_2", 325, 1162.96, "T", "SMD", "VBUS", "", "R", 22.27, 21.26, 0, 270],
		[70, "U1_1", 879.77, 1312.64, "T", "SMD", "3V3", "", "R", 43.31, 7.87, 0, 180],
		[71, "U1_2", 879.77, 1328.39, "T", "SMD", "I2C0_SDA", "", "R", 43.31, 7.87, 0, 180],
		[72, "U1_3", 879.77, 1344.14, "T", "SMD", "I2C0_SCL", "", "R", 43.31, 7.87, 0, 180],
		[73, "U1_4", 879.77, 1359.89, "T", "SMD", "I2C1_SDA", "", "R", 43.31, 7.87, 0, 180],
		[74, "U1_5", 879.77, 1375.63, "T", "SMD", "I2C1_SCL", "", "R", 43.31, 7.87, 0, 180],
		[75, "U1_6", 879.77, 1391.38, "T", "SMD", "VFO_VDD_ON_N", "", "R", 43.31, 7.87, 0, 180],
		[76, "U1_7", 879.77, 1407.13, "T", "SMD", "U1_7", "", "R", 43.31, 7.87, 0, 180],
		[77, "U1_8", 879.77, 1422.88, "T", "SMD", "U1_8", "", "R", 43.31, 7.87, 0, 180],
		[78, "U1_9", 879.77, 1438.63, "T", "SMD", "GPIO7", "", "R", 43.31, 7.87, 0, 180],
		[79, "U1_10", 879.77, 1454.37, "T", "SMD", "3V3", "", "R", 43.31, 7.87, 0, 180],
		[80, "U1_11", 879.77, 1470.12, "T", "SMD", "UART1_TX", "", "R", 43.31, 7.87, 0, 180],
		[81, "U1_12", 879.77, 1485.87, "T", "SMD", "UART1_RX", "", "R", 43.31, 7.87, 0, 180],
		[82, "U1_13", 879.77, 1501.62, "T", "SMD", "GPIO10", "", "R", 43.31, 7.87, 0, 180],
		[83, "U1_14", 879.77, 1517.37, "T", "SMD", "GPIO11", "", "R", 43.31, 7.87, 0, 180],
		[84, "U1_15", 842.36, 1554.77, "T", "SMD", "U1_15", "", "R", 43.31, 7.87, 0, 270],
		[85, "U1_16", 826.62, 1554.77, "T", "SMD", "U1_16", "", "R", 43.31, 7.87, 0, 270],
		[86, "U1_17", 810.87, 1554.77, "T", "SMD", "GPIO14", "", "R", 43.31, 7.87, 0, 270],
		[87, "U1_18", 795.12, 1554.77, "T", "SMD", "VFO_CLK2", "", "R", 43.31, 7.87, 0, 270],
		[88, "U1_19", 779.37, 1554.77, "T", "SMD", "GND", "GND", "R", 43.31, 7.87, 0, 270],
		[89, "U1_20", 763.62, 1554.77, "T", "SMD", "XIN", "", "R", 43.31, 7.87, 0, 270],
		[90, "U1_21", 747.88, 1554.77, "T", "SMD", "XOUT", "", "R", 43.31, 7.87, 0, 270],
		[91, "U1_22", 732.13, 1554.77, "T", "SMD", "3V3", "", "R", 43.31, 7.87, 0, 270],
		[92, "U1_23", 716.38, 1554.77, "T", "SMD", "1V1", "", "R", 43.31, 7.87, 0, 270],
		[93, "U1_24", 700.63, 1554.77, "T", "SMD", "SWCLK", "", "R", 43.31, 7.87, 0, 270],
		[94, "U1_25", 684.88, 1554.77, "T", "SMD", "SWD", "", "R", 43.31, 7.87, 0, 270],
		[95, "U1_26", 669.14, 1554.77, "T", "SMD", "NRESET", "", "R", 43.31, 7.87, 0, 270],
		[96, "U1_27", 653.39, 1554.77, "T", "SMD", "GPS_VCC_ON_N", "", "R", 43.31, 7.87, 0, 270],
		[97, "U1_28", 637.64, 1554.77, "T", "SMD", "GPS_1PPS", "", "R", 43.31, 7.87, 0, 270],
		[98, "U1_29", 600.23, 1517.37, "T", "SMD", "GPIO19", "", "R", 43.31, 7.87, 0, 0],
		[99, "U1_30", 600.23, 1501.62, "T", "SMD", "GPIO20", "", "R", 43.31, 7.87, 0, 0],
		[100, "U1_31", 600.23, 1485.87, "T", "SMD", "GPIO19", "", "R", 43.31, 7.87, 0, 0],
		[101, "U1_32", 600.23, 1470.12, "T", "SMD", "GPIO20", "", "R", 43.31, 7.87, 0, 0],
		[102, "U1_33", 600.23, 1454.37, "T", "SMD", "3V3", "", "R", 43.31, 7.87, 0, 0],
		[103, "U1_34", 600.23, 1438.63, "T", "SMD", "GPIO22", "", "R", 43.31, 7.87, 0, 0],
		[104, "U1_35", 600.23, 1422.88, "T", "SMD", "PS", "", "R", 43.31, 7.87, 0, 0],
		[105, "U1_36", 600.23, 1407.13, "T", "SMD", "3V3", "", "R", 43.31, 7.87, 0, 0],
		[106, "U1_37", 600.23, 1391.38, "T", "SMD", "LED", "", "R", 43.31, 7.87, 0, 0],
		[107, "U1_38", 600.23, 1375.63, "T", "SMD", "ADC0", "", "R", 43.31, 7.87, 0, 0],
		[108, "U1_39", 600.23, 1359.89, "T", "SMD", "ADC1", "", "R", 43.31, 7.87, 0, 0],
		[109, "U1_40", 600.23, 1344.14, "T", "SMD", "ADC2", "", "R", 43.31, 7.87, 0, 0],
		[110, "U1_41", 600.23, 1328.39, "T", "SMD", "BATT_V", "", "R", 43.31, 7.87, 0, 0],
		[111, "U1_42", 600.23, 1312.64, "T", "SMD", "3V3", "", "R", 43.31, 7.87, 0, 0],
		[112, "U1_43", 637.64, 1275.24, "T", "SMD", "ADC_AVDD", "", "R", 43.31, 7.87, 0, 90],
		[113, "U1_44", 653.39, 1275.24, "T", "SMD", "3V3", "", "R", 43.31, 7.87, 0, 90],
		[114, "U1_45", 669.14, 1275.24, "T", "SMD", "1V1", "", "R", 43.31, 7.87, 0, 90],
		[115, "U1_46", 684.88, 1275.24, "T", "SMD", "$1N22007", "", "R", 43.31, 7.87, 0, 90],
		[116, "U1_47", 700.63, 1275.24, "T", "SMD", "$1N22362", "", "R", 43.31, 7.87, 0, 90],
		[117, "U1_48", 716.38, 1275.24, "T", "SMD", "3V3", "", "R", 43.31, 7.87, 0, 90],
		[118, "U1_49", 732.13, 1275.24, "T", "SMD", "3V3", "", "R", 43.31, 7.87, 0, 90],
		[119, "U1_50", 747.88, 1275.24, "T", "SMD", "1V1", "", "R", 43.31, 7.87, 0, 90],
		[120, "U1_51", 763.62, 1275.24, "T", "SMD", "QSPI_SD3", "", "R", 43.31, 7.87, 0, 90],
		[121, "U1_52", 779.37, 1275.24, "T", "SMD", "QSPI_SCLK", "", "R", 43.31, 7.87, 0, 90],
		[122, "U1_53", 795.12, 1275.24, "T", "SMD", "QSPI_SD0", "", "R", 43.31, 7.87, 0, 90],
		[123, "U1_54", 810.87, 1275.24, "T", "SMD", "QSPI_SD2", "", "R", 43.31, 7.87, 0, 90],
		[124, "U1_55", 826.62, 1275.24, "T", "SMD", "QSPI_SD1", "", "R", 43.31, 7.87, 0, 90],
		[125, "U1_56", 842.36, 1275.24, "T", "SMD", "QSPI_SS", "", "R", 43.31, 7.87, 0, 90],
		[126, "U1_57", 740, 1415, "T", "SMD", "GND", "GND", "R", 122.05, 122.05, 0, 180],
		[127, "U2_1", 904.53, 1174.35, "T", "SMD", "QSPI_SS", "", "R", 23.62, 11.02, 0, 90],
		[128, "U2_2", 884.84, 1174.35, "T", "SMD", "QSPI_SD1", "", "R", 23.62, 11.02, 0, 90],
		[129, "U2_3", 865.16, 1174.35, "T", "SMD", "QSPI_SD2", "", "R", 23.62, 11.02, 0, 90],
		[130, "U2_4", 845.47, 1174.35, "T", "SMD", "GND", "GND", "R", 23.62, 11.02, 0, 90],
		[131, "U2_5", 845.47, 1055.65, "T", "SMD", "QSPI_SD0", "", "R", 23.62, 11.02, 0, 90],
		[132, "U2_6", 865.16, 1055.65, "T", "SMD", "QSPI_SCLK", "", "R", 23.62, 11.02, 0, 90],
		[133, "U2_7", 884.84, 1055.65, "T", "SMD", "QSPI_SD3", "", "R", 23.62, 11.02, 0, 90],
		[134, "U2_8", 904.53, 1055.65, "T", "SMD", "3V3", "", "R", 23.62, 11.02, 0, 90],
		[135, "U2_9", 875, 1115, "T", "SMD", "U2_9", "", "R", 11.81, 66.93, 0, 270],
		[136, "U3_1", 443.63, 1057.6, "T", "SMD", "GND", "GND", "R", 42.13, 23.62, 0, 0],
		[137, "U3_2", 443.63, 1132.4, "T", "SMD", "3V3", "", "R", 42.13, 23.62, 0, 0],
		[138, "U3_3", 346.38, 1095, "T", "SMD", "VBUS", "", "R", 42.13, 23.62, 0, 0],
		[139, "U5_1", 171.77, 1530.57, "T", "SMD", "GND", "GND", "O", 27.56, 69.8, 0, 0],
		[140, "U5_2", 215.08, 1530.57, "T", "SMD", "UART1_RX", "", "O", 27.56, 69.8, 0, 0],
		[141, "U5_3", 258.39, 1530.57, "T", "SMD", "$1N14036", "", "O", 27.56, 69.8, 0, 0],
		[142, "U5_4", 301.69, 1530.57, "T", "SMD", "GPS_1PPS", "", "O", 27.56, 69.8, 0, 0],
		[143, "U5_5", 345, 1530.57, "T", "SMD", "U5_5", "", "O", 27.56, 69.8, 0, 0],
		[144, "U5_6", 388.31, 1530.57, "T", "SMD", "U5_6", "", "O", 27.56, 69.8, 0, 0],
		[145, "U5_7", 431.61, 1530.57, "T", "SMD", "U5_7", "", "O", 27.56, 69.8, 0, 0],
		[146, "U5_8", 474.92, 1530.57, "T", "SMD", "GPS_3V3", "", "O", 27.56, 69.8, 0, 0],
		[147, "U5_9", 518.23, 1530.57, "T", "SMD", "$1N14334", "", "O", 27.56, 69.8, 0, 0],
		[148, "U5_10", 518.23, 1909.43, "T", "SMD", "GND", "GND", "O", 27.56, 69.8, 0, 0],
		[149, "U5_11", 474.92, 1909.43, "T", "SMD", "GPS_ANT", "", "O", 27.56, 69.8, 0, 0],
		[150, "U5_12", 431.61, 1909.43, "T", "SMD", "GND", "GND", "O", 27.56, 69.8, 0, 0],
		[151, "U5_13", 388.31, 1909.43, "T", "SMD", "U5_13", "", "O", 27.56, 69.8, 0, 0],
		[152, "U5_14", 345, 1909.43, "T", "SMD", "U5_14", "", "O", 27.56, 69.8, 0, 0],
		[153, "U5_15", 301.69, 1909.43, "T", "SMD", "U5_15", "", "O", 27.56, 69.8, 0, 0],
		[154, "U5_16", 258.39, 1909.43, "T", "SMD", "U5_16", "", "O", 27.56, 69.8, 0, 0],
		[155, "U5_17", 215.08, 1909.43, "T", "SMD", "U5_17", "", "O", 27.56, 69.8, 0, 0],
		[156, "U5_18", 171.77, 1909.43, "T", "SMD", "U5_18", "", "O", 27.56, 69.8, 0, 0],
		[157, "U10_1", 941.38, 1897.4, "T", "SMD", "GND", "GND", "R", 42.13, 23.62, 0, 180],
		[158, "U10_2", 941.38, 1822.6, "T", "SMD", "NRESET", "", "R", 42.13, 23.62, 0, 180],
		[159, "U10_3", 1038.63, 1860, "T", "SMD", "$1N115739", "", "R", 42.13, 23.62, 0, 180],
		[160, "U11_1", 1044.87, 1771.48, "T", "SMD", "GND", "GND", "R", 31.5, 31.5, 0, 0],
		[161, "U11_2", 1045.14, 1708.52, "T", "SMD", "$1N146095", "", "R", 31.5, 31.5, 0, 0],
		[162, "U12_17", 404.72, 866.95, "T", "DIP", "GND", "GND", "O", 49.21, 94.49, 66.93, 0],
		[163, "U12_17", 404.72, 866.95, "B", "DIP", "GND", "GND", "O", 49.21, 94.49, 66.93, 0],
		[164, "U12_18", 745.28, 866.95, "T", "DIP", "GND", "GND", "O", 49.21, 94.49, 66.93, 0],
		[165, "U12_18", 745.28, 866.95, "B", "DIP", "GND", "GND", "O", 49.21, 94.49, 66.93, 0],
		[166, "U12_19", 404.72, 702.38, "T", "DIP", "GND", "GND", "O", 55.12, 82.68, 55.12, 0],
		[167, "U12_19", 404.72, 702.38, "B", "DIP", "GND", "GND", "O", 55.12, 82.68, 55.12, 0],
		[168, "U12_20", 745.28, 702.38, "T", "DIP", "GND", "GND", "O", 55.12, 82.68, 55.12, 0],
		[169, "U12_20", 745.28, 702.38, "B", "DIP", "GND", "GND", "O", 55.12, 82.68, 55.12, 0],
		[170, "U12_A1B12", 449.02, 887.63, "T", "SMD", "GND", "GND", "R", 23.62, 45.28, 0, 0],
		[171, "U12_A4B9", 480.51, 887.63, "T", "SMD", "VBUS", "", "R", 23.62, 45.28, 0, 0],
		[172, "U12_A5", 525.79, 887.63, "T", "SMD", "U12_A5", "", "R", 11.81, 45.28, 0, 0],
		[173, "U12_A6", 565.16, 887.63, "T", "SMD", "USB_DP", "", "R", 11.81, 45.28, 0, 0],
		[174, "U12_A7", 584.84, 887.63, "T", "SMD", "USB_DM", "", "R", 11.81, 45.28, 0, 0],
		[175, "U12_A8", 624.21, 887.63, "T", "SMD", "U12_A8", "", "R", 11.81, 45.28, 0, 0],
		[176, "U12_B1A12", 700.98, 887.63, "T", "SMD", "GND", "GND", "R", 23.62, 45.28, 0, 0],
		[177, "U12_B4A9", 669.49, 887.63, "T", "SMD", "VBUS", "", "R", 23.62, 45.28, 0, 0],
		[178, "U12_B5", 643.9, 887.63, "T", "SMD", "U12_B5", "", "R", 11.81, 45.28, 0, 0],
		[179, "U12_B6", 604.53, 887.63, "T", "SMD", "USB_DP", "", "R", 11.81, 45.28, 0, 0],
		[180, "U12_B7", 545.47, 887.63, "T", "SMD", "USB_DM", "", "R", 11.81, 45.28, 0, 0],
		[181, "U12_B8", 506.1, 887.63, "T", "SMD", "U12_B8", "", "R", 11.81, 45.28, 0, 0],
		[182, "X2_1", 919.45, 1661.69, "T", "SMD", "XIN", "", "R", 55.12, 47.24, 0, 90],
		[183, "X2_2", 919.45, 1748.31, "T", "SMD", "GND", "GND", "R", 55.12, 47.24, 0, 90],
		[184, "X2_3", 850.55, 1748.31, "T", "SMD", "$1N70752", "", "R", 55.12, 47.24, 0, 90],
		[185, "X2_4", 850.55, 1661.69, "T", "SMD", "GND", "GND", "R", 55.12, 47.24, 0, 90],
		[186, "PAD1_4", 480, 1990, "T", "DIP", "GPS_ANT", "", "C", 59.06, 59.06, 36, 0],
		[187, "PAD1_4", 480, 1990, "B", "DIP", "GPS_ANT", "", "C", 59.06, 59.06, 36, 0],
		[188, "PAD2_7", 125, 1176.38, "T", "DIP", "GND", "GND", "R", 62.99, 62.99, 39.37, 0],
		[189, "PAD2_7", 125, 1176.38, "B", "DIP", "GND", "GND", "R", 62.99, 62.99, 39.37, 0],
		[190, "PAD3_14", 125, 1362.13, "T", "DIP", "GPIO20", "", "C", 62.99, 62.99, 41.34, 0],
		[191, "PAD3_14", 125, 1362.13, "B", "DIP", "GPIO20", "", "C", 62.99, 62.99, 41.34, 0],
		[192, "PAD4_15", 125, 1455, "T", "DIP", "GPIO19", "", "C", 62.99, 62.99, 41.34, 0],
		[193, "PAD4_15", 125, 1455, "B", "DIP", "GPIO19", "", "C", 62.99, 62.99, 41.34, 0],
		[194, "PAD5_17", 1040, 1220, "T", "DIP", "BOOTSEL", "", "C", 60, 60, 36, 0],
		[195, "PAD5_17", 1040, 1220, "B", "DIP", "BOOTSEL", "", "C", 60, 60, 36, 0],
		[196, "PAD6_75", 645, 1025, "T", "DIP", "USB_DP", "", "C", 39.37, 39.37, 27.56, 0],
		[197, "PAD6_75", 645, 1025, "B", "DIP", "USB_DP", "", "C", 39.37, 39.37, 27.56, 0],
		[198, "PAD7_98", 123.5, 1085, "T", "DIP", "VBUS", "", "C", 60, 60, 36, 0],
		[199, "PAD7_98", 123.5, 1085, "B", "DIP", "VBUS", "", "C", 60, 60, 36, 0],
		[200, "PAD8_79", 585, 1020, "T", "DIP", "USB_DM", "", "C", 39.37, 39.37, 27.56, 0],
		[201, "PAD8_79", 585, 1020, "B", "DIP", "USB_DM", "", "C", 39.37, 39.37, 27.56, 0],
		[202, "PAD9_9", 395, 1990, "T", "DIP", "GND", "GND", "C", 59.06, 59.06, 36, 0],
		[203, "PAD9_9", 395, 1990, "B", "DIP", "GND", "GND", "C", 59.06, 59.06, 36, 0],
		[204, "PAD10_106", 1040, 1295, "T", "DIP", "GND", "GND", "C", 60, 60, 36, 0],
		[205, "PAD10_106", 1040, 1295, "B", "DIP", "GND", "GND", "C", 60, 60, 36, 0],
		[206, "PAD11_108", 1040, 1445, "T", "DIP", "I2C0_SCL", "", "C", 60, 60, 36, 0],
		[207, "PAD11_108", 1040, 1445, "B", "DIP", "I2C0_SCL", "", "C", 60, 60, 36, 0],
		[208, "PAD12_111", 1040, 1370, "T", "DIP", "I2C0_SDA", "", "C", 60, 60, 36, 0],
		[209, "PAD12_111", 1040, 1370, "B", "DIP", "I2C0_SDA", "", "C", 60, 60, 36, 0],
		[210, "PAD13_15", 350, 1405, "T", "DIP", "ADC0", "", "C", 62.99, 62.99, 41.34, 0],
		[211, "PAD13_15", 350, 1405, "B", "DIP", "ADC0", "", "C", 62.99, 62.99, 41.34, 0],
		[212, "PAD14_17", 255, 1365, "T", "DIP", "ADC1", "", "C", 62.99, 62.99, 41.34, 0],
		[213, "PAD14_17", 255, 1365, "B", "DIP", "ADC1", "", "C", 62.99, 62.99, 41.34, 0],
		[214, "PAD15_18", 125, 1269.25, "T", "DIP", "ADC2", "", "C", 62.99, 62.99, 41.34, 0],
		[215, "PAD15_18", 125, 1269.25, "B", "DIP", "ADC2", "", "C", 62.99, 62.99, 41.34, 0],
		[216, "PAD16_118", 1040, 1035.05, "T", "DIP", "GND", "GND", "C", 60, 60, 36, 0],
		[217, "PAD16_118", 1040, 1035.05, "B", "DIP", "GND", "GND", "C", 60, 60, 36, 0],
		[218, "PAD17_116", 515, 1180, "T", "DIP", "3V3", "", "C", 27.56, 27.56, 19.68, 0],
		[219, "PAD17_116", 515, 1180, "B", "DIP", "3V3", "", "C", 27.56, 27.56, 19.68, 0],
		[220, "PAD18_15", 465, 1135, "T", "DIP", "3V3", "", "C", 62.99, 62.99, 41.34, 0],
		[221, "PAD18_15", 465, 1135, "B", "DIP", "3V3", "", "C", 62.99, 62.99, 41.34, 0],
		[222, "PAD19_118", 585, 1105, "T", "DIP", "GND", "GND", "C", 60, 60, 36, 0],
		[223, "PAD19_118", 585, 1105, "B", "DIP", "GND", "GND", "C", 60, 60, 36, 0]
	]
}
}